node_to
1058543
12416
12437
1058563
3115
1058568
1058577
12461
4726
12465
12468
12471
12481
1051066
12772
12776
12777
1058842
1058843
1058849
1058859
12804
1051075
1058863
12819
1054447
12822
1058878
12837
12853
12856
1058905
1058915
12889
12892
12897
12901
12902
12907
1058942
1058954
4264
12939
12944
12949
1058975
13034
13090
1051140
13105
13106
13114
1059128
1057868
13143
3095
1059134
1059140
1059150
1059153
12024
1051408
1059165
13193
13207
1059186
13217
3511
13224
13229
1059214
10243
13254
1059221
13256
1059244
1059245
13305
13317
1059282
13333
13343
13346
1059304
1059307
1059309
1059313
13373
1059333
13395
1059340
1059345
1059392
1059394
13474
13479
13492
9579
1059429
9433
13534
1057309
13576
1059486
1059487
13602
13607
13612
13613
1059530
1059543
1051285
3157
1055357
1059587
13714
13716
13719
1059599
13896
12078
1058179
13912
13918
1059798
13977
13988
13992
13995
14009
1059830
11825
12043
10580
16003
1061454
1051335
3432
4064
10423
10316
16094
10230
1061493
1061497
16112
10250
16179
16336
4258
3189
1052047
1061714
1057755
12040
1058267
16371
1058012
1058073
1058064
16387
1061759
12051
1056515
16457
16467
16469
1057407
10997
1051250
16639
3636
16650
16658
4181
1061963
16679
1061971
1061976
16696
1052093
4392
1052191
16708
1052174
1052119
4384
1062004
1051872
16750
16752
9767
9810
16759
9800
1062047
3816
4019
1840933
986493
1840943
1840958
986523
1840978
1840982
986558
986581
986583
1841012
915497
915437
917642
1785644
1785646
917690
917703
1785668
917746
1785723
917779
917780
1785732
917834
1785777
917850
916413
1783117
1784552
1785796
917876
1784635
1785815
917908
918009
918018
1785917
918029
1785927
918039
918046
918060
1785947
918065
1785971
918097
1785980
918109
918119
918121
1786003
918142
1786040
918175
918178
1786045
1786067
918214
918232
918241
1786115
918289
1786141
1786146
1786167
918332
918346
918349
1786233
1786244
918427
1786261
1786262
1786270
918462
1786287
918489
918515
918552
1786354
1786357
1786359
918572
918580
915388
1786382
918612
918614
1786403
918623
1786410
918629
1786417
918686
918723
918765
1786525
918772
1786534
918782
918788
1786548
918796
918800
918811
1786562
918816
1786573
918834
1786580
918852
1786624
1786633
918914
918918
918955
1786686
918984
1786852
1786864
919212
919233
919377
1787016
1787043
919452
1787108
919492
1787133
1787145
1787157
919556
1787662
916893
920228
920230
920253
1788821
1788829
921655
1788860
921680
921815
921820
921821
1788991
1788995
921868
1789019
922501
1789531
922521
922524
1789542
922528
922532
922535
922536
922538
922542
1789561
922550
1789565
922565
1789584
1789657
922672
922689
922705
922770
922783
922793
922804
1789773
922814
922827
922843
922850
922851
922874
1789830
1789831
922886
1789836
1789837
1789845
922903
1789847
922911
922912
1789856
1789860
922921
922935
922955
922961
922963
1789893
922967
922969
1789906
922981
922990
923008
923025
1789946
923028
923031
923034
1789960
923049
1789981
923086
1789996
923090
923096
923107
1790022
923128
923141
1790049
1790064
1790077
923202
923223
923229
1790115
923238
923242
923249
923260
1790144
1790166
923322
1790196
923342
1790202
1790203
923370
1790226
923384
1790233
923394
1790249
923429
1790278
1790283
1790292
923470
923477
1790319
1790320
1790324
923498
923501
1790336
923534
923543
923555
1790373
1790389
923581
923588
1790398
923606
923610
1790429
923655
1790460
1790469
923682
1790473
923687
923693
923701
923722
1790508
1790511
1790526
1790532
1790543
1790552
1790566
1790568
923807
1790573
923809
923817
923833
923841
923897
923899
1790648
923904
923907
1790659
923923
923934
923946
923960
923979
1790711
923983
1790715
924003
924005
924031
924050
924061
1790783
1790788
924088
1790801
1790804
924099
924106
1790824
1790843
924149
924152
924174
1790870
924176
924182
1790880
924194
1790900
1790901
1790928
924252
1790931
1790950
1790954
1790973
924311
924324
924327
924330
924354
924359
1791023
1791041
924398
924406
924407
924415
924425
924437
924477
1791114
924482
924485
924493
1791126
1791132
1791142
924561
924563
924567
1791198
924596
1791214
924606
924616
924637
1791240
924638
1791243
924647
924667
924668
924695
1791291
1791305
1791309
924723
1791316
924742
924745
1791342
924766
924767
924771
1791368
924805
1791400
1791405
1791415
1791425
924871
924878
1791437
1791441
924899
924901
924910
924914
1791480
924953
924954
1791497
924964
1791507
924971
924972
1791510
1791514
1791515
924983
1791519
924989
924999
925011
925023
1791551
925033
1791564
925044
1791572
925107
1791619
925110
1791624
925132
925144
925147
1791677
925193
1791686
1791688
925197
925212
925220
1791710
1791712
925229
1791716
925232
1791718
1791737
925259
925262
1791744
925268
925269
925273
1791760
925297
1791770
1791782
1791793
925330
925331
925335
925347
1791813
925353
925358
1791822
925368
1791827
1791839
925382
1791849
925396
925406
1791861
925419
925432
1791885
925472
925482
925496
1791933
925502
1791939
925510
925512
925519
1791968
925555
925558
925559
1791986
925581
1792002
1792006
925601
925625
925646
925667
1792068
925674
1792076
925683
925716
925742
925748
925754
925758
1792150
1792157
1792170
1792182
1792185
925829
1792202
1792209
925849
925850
1792225
925881
925883
1792242
1792250
925899
925905
925921
925926
1792279
1792285
925946
1792296
925970
1792321
1792336
926016
926035
1792370
1792379
926060
1792389
926076
1792400
926086
1792420
1792431
1792434
1792436
926128
926133
926142
926147
926150
926152
926159
926162
926181
926186
1792487
926190
926194
926195
926199
1792498
926203
1792501
926208
926213
926231
1792539
926273
926274
1792560
926286
1792568
1792580
926309
1792586
1792603
926338
926341
926360
1792631
926376
926377
926380
926386
1792648
926394
926399
1792666
1792673
1792674
1792675
1792683
926448
926458
926470
926481
1792734
926504
926506
1792749
926517
1792755
926524
1792762
926537
926571
926584
926594
1792819
926601
1792821
1792843
926647
1792859
926660
926664
926666
1792913
1792915
1792929
1792952
1792955
1792959
926782
1792966
1787210
919647
919655
1787262
919819
921067
1788373
1788376
1050925
1050952
2990
3092
1051100
3236
1051170
1051338
1051344
3513
3612
1051486
1051492
3622
3634
3641
1051522
1051526
3692
1051560
3706
1051565
3723
3736
3747
1051595
1051605
3772
1051616
3794
3800
3802
1051647
3820
1051655
3826
1051667
1051670
1051673
3842
1051679
3859
3866
3873
3887
3890
3892
3910
3911
3912
1051739
3925
3928
3936
1051758
3947
3948
3953
1051769
1051794
1051807
1051809
4022
1051819
1051821
4062
4070
1051866
4092
1051879
4114
4120
1051895
4132
4133
1051905
1051915
1051922
4168
1051934
4172
1051942
4191
4197
1051956
4201
4203
1051963
1051967
1051972
1051990
1051997
1052031
4296
1052048
1052055
4320
1052059
4372
4391
1052123
1052131
4423
4424
4434
1052145
1052147
4444
4452
1052164
4461
4511
1052205
4518
1052214
4538
1052229
4546
1052253
1052254
4580
4590
4619
1052295
1052306
4640
4651
1052317
1052325
4672
1052339
4681
1052352
4693
1052360
4706
1052389
4738
4744
4755
1052413
1052422
1052424
4794
4809
1052457
1052465
4840
1052477
4885
4910
1052528
4914
1052554
1052555
1052556
1052566
1052573
1052574
1052578
1052598
1052609
1052611
5041
5045
5052
1052641
1052642
5059
5060
1052662
5091
1052695
1052703
1052712
5148
1052715
5152
1052717
5165
5174
5175
1052743
1052751
5197
5199
5226
5243
1052793
5255
5256
5260
5267
5270
5279
5281
5286
5289
5297
5302
5324
5338
1052870
5348
1052876
1052879
1052881
1052883
1052884
5361
5365
5373
5393
5405
1052923
5413
1052949
5450
1051086
1053003
5513
5519
9708
1056381
1056382
1056433
2946
9781
1056456
9813
9822
1056480
9837
1056521
9932
9947
9959
9961
1056584
9974
9981
10019
1056629
10023
1056632
1056633
10027
1056640
10058
10060
1056670
1056699
10148
1056753
10194
1056796
1056798
10226
10237
10247
10269
10325
1056867
10345
1056901
1056944
1056951
1056955
10443
1056960
10453
10466
1056987
10480
1056993
10501
10503
1057013
10520
1057022
1057027
1057036
1057045
10553
1057057
1057071
10581
10594
10607
1057092
10608
1057104
1057112
1057124
1057129
1057132
1057136
1057138
1057140
10672
1057147
10683
10699
10701
10712
10714
1057180
10720
10748
1057211
10752
10754
10761
10765
10778
10801
10843
10849
1057289
10880
1057317
10903
1057333
10922
10932
10940
10958
10978
1057394
1057397
1057398
1057400
11003
1057435
1057443
11061
11069
1057465
1057473
1057478
11089
1057482
1057503
1057519
11146
11152
11157
1057540
11166
1057549
1057559
11194
1057566
1057568
1057570
11214
11224
1057602
11249
1057609
11269
1057643
11292
11295
1057655
11307
1057656
1057659
1057660
1057662
1057672
11339
1057683
1057685
11349
1057690
1057695
11373
1057711
11392
11393
1057731
11408
1057736
11437
11451
1057773
11510
1057830
11528
1057842
11547
11554
1057858
1057860
11565
1057872
11584
11597
1057928
1057932
1057936
11712
11729
11745
11749
11763
1058025
1058030
11779
11795
1058048
11803
1058055
11813
11816
1058087
11870
1058118
11892
11893
11916
11922
11923
11953
11958
11961
11971
1058189
1058192
11997
1058227
1058247
1058277
12396
2898
2901
2904
2906
2920
1050921
1053016
5526
1053278
1055222
1055288
1056359
1792974
1792985
926814
1792990
926817
1793001
926836
926840
1793014
1793015
1793023
926875
1793038
926888
926896
926898
1793061
926910
1793075
926923
926934
1793091
926959
1793110
926981
1793134
1793140
927007
927018
927023
1793163
1793165
1793167
927040
927039
1793179
927052
927077
927079
927095
927116
927129
927139
1793252
927142
1793256
1793259
927154
1793265
1793267
1793294
927201
1793303
927206
927209
927211
1793321
927232
1793348
1793383
927311
1793388
927315
1793398
927328
927329
1793412
927375
1793451
927397
1793466
927415
927418
1793475
927456
927462
1793509
927465
1793510
927471
927483
927485
927502
927505
1793554
927548
1793595
927572
1793598
1793601
927580
1793610
1793616
1793639
927624
1793652
927642
927644
1793660
927652
927661
927663
927674
1793683
1793685
927684
927698
927703
927711
1793710
927715
1793714
1793718
927731
1793725
1793734
927743
927747
1793741
927754
1793745
927774
1793764
1793772
1793776
1793781
927805
927811
927814
927816
1793794
927836
927843
1793815
927853
927855
927873
927883
927884
927890
1793856
927921
1793879
1793882
1793884
927961
927964
927976
1793930
927992
1793937
1793942
1793946
928040
928088
928092
928098
928101
1794028
1794030
928121
928136
928147
928160
1794072
928174
1794081
928178
1794105
928221
928223
1794121
928231
928245
928285
928290
928314
928344
1794220
1794225
1794267
928412
928419
928420
1794295
1794317
928476
928477
928478
928489
1794338
928505
1794349
1794350
928524
928535
928563
1794392
928580
1794407
928594
1794419
1794421
928601
928608
928617
928628
1794447
928642
928643
928652
928666
928668
928678
1794485
1794534
1794540
928748
928749
1794542
1794547
1794555
928775
1794564
928790
1794625
928859
928881
928890
1794666
928911
1794691
1794693
1794697
928965
1794727
1794746
929006
929007
929015
1794761
929040
1794777
1794782
1794783
1794786
929072
929073
929078
1794810
1794818
1794828
929123
1794849
929140
929141
1794857
929156
929157
1794873
929169
1794881
1794882
1794885
929184
929190
929216
1794920
929239
929243
1794959
929282
1794980
1794990
1794991
929310
929318
1795006
929330
929331
1795016
929352
1795034
1795046
929380
929401
929402
929410
929419
912823
912829
1781751
912841
912843
1781757
1781767
1781769
1781770
912870
912883
1781787
912894
1781804
912916
1781817
912923
1781819
912951
1781855
912978
912984
1781870
912987
913001
1781883
913012
913013
1781895
913026
1781909
913042
913045
1781915
913054
913068
1781948
1781955
913103
913112
913113
913117
913138
1782001
1782014
1782032
913190
1782035
913198
913203
1782046
1782051
1782062
1782067
1782072
913277
913283
913289
913308
913313
1782140
1782149
1782157
1782160
1782162
1782176
913367
913371
913372
1782195
1782206
913404
913406
913416
1782223
1782225
913431
913433
913438
1782240
913443
1782261
1782279
913494
913499
1782286
1782287
913515
913529
913547
1782342
913571
913579
1782356
1782363
1782364
1782385
1782388
913631
913632
913641
1782404
913657
1782418
913666
913674
913680
1782441
913777
1782599
1783601
915364
1783804
1783805
915416
915410
915426
915427
915447
915448
1783862
1783868
1783874
915498
915509
1783902
1783903
915545
915548
1783938
915560
1783967
915604
915605
915615
1783996
1783999
915636
915640
915648
915651
1784014
1784034
915686
915695
1784051
915709
915712
915719
1784091
1784096
915760
1784101
915761
1784117
1784128
1784133
1784143
915821
1784167
915864
1784193
915882
1784212
915900
915910
915915
1784226
915921
915939
915949
1784267
1784277
1784287
916000
916014
1784305
916017
916020
1784317
916037
916077
1784373
1784385
916116
916131
916144
916174
1784441
916183
1784466
1784483
916242
1784489
916301
916303
916302
916304
916306
916330
1784561
1784568
1784569
916354
916402
1784620
1784624
1784634
916438
1784675
916474
1784691
1784701
916563
1784754
916575
916579
1784770
916604
916607
1784784
1784796
917066
917075
1785159
917080
1785183
917105
1785232
917188
917247
917326
917325
1785357
917330
917349
1785387
1785453
1785463
1782877
914238
1782907
1783173
914960
914964
1783472
1795082
1795085
1795091
929446
1795111
929476
1795126
929481
929485
1795134
929509
1795160
1795173
929547
929556
929562
929571
929598
1795226
929604
1795235
1795257
929671
1795290
929683
929701
1795312
1795313
929720
1795337
1795342
1795343
1795358
1795362
929785
929812
1795397
929818
1795401
1795420
929845
929855
929860
929861
929898
929916
929923
929926
1795487
929940
1795510
929961
1795525
1795528
1795541
1795543
1795548
1795551
930027
1795574
1795580
930043
1795661
1795665
1795681
1795684
930186
1795698
930209
930212
1795720
1795722
1795731
1795733
930242
930245
1795745
930251
1795751
930259
1795771
930289
1795784
1795796
1795809
1795812
930335
1795815
1795824
1795836
930367
1795848
1795862
930394
1795863
1795864
1795871
930408
930425
930437
1795916
1795931
930483
930498
930525
930528
1795976
930534
930533
1795984
930550
930551
1795993
1795995
1796000
930577
1796012
1796014
1796020
1796024
930595
930596
1796030
930611
1796041
930624
930631
1796064
930652
930672
930676
930683
930689
930697
1796116
1796117
930718
930721
930755
930779
930791
930794
1796202
1796204
930819
1796210
930827
930830
1796242
1796265
930920
930921
1796289
1796290
1796296
930934
930936
930938
1796317
930962
930978
1796337
930981
930992
1796346
930995
930996
1796353
1796357
1796360
1796363
931013
931042
931045
931047
1796393
1796405
1796409
931092
1796435
931113
1796447
931144
1796474
931178
931187
931196
1796522
1796523
931223
931232
931247
1796551
931257
931263
931265
931322
1796617
931393
1796673
931420
931427
931450
1796730
1796735
931498
1796755
931502
1796758
931511
1796772
931545
931550
931561
931569
931576
931591
1796832
1796836
931614
931712
931729
1796938
1796939
931737
1793878
931746
1796952
931751
931755
931769
1796980
931810
1797012
931825
931845
931847
931857
931890
1797068
1797080
931926
931945
1797116
1797123
1797130
931971
931973
1797143
932003
932007
1797165
932020
1797170
1797177
932034
932061
932062
932071
932126
1797269
1797308
932266
932270
932299
932318
1797459
1797464
1797478
932405
932412
932413
932422
932450
932454
932455
932459
1797525
932470
1797546
1797551
1797553
1797561
1797567
1797575
932527
1797580
1797585
1797587
1797589
932543
1797596
1797603
932580
932581
1797621
932594
932597
932606
932612
932613
1797650
932629
932638
932660
932684
1797704
1797732
1797740
1797742
932730
1797743
1797762
1797763
1797775
932859
1797849
1797864
932894
1797876
933002
1797962
933016
933155
1798089
933360
1798259
1798311
933506
1798395
1798430
933602
1799446
934968
935077
935084
1799641
935101
1799754
935247
1799768
1799781
1799810
935328
935471
935477
935504
935511
1799983
935524
935534
1800015
935568
1800039
935612
935620
1800063
935629
935641
935644
935650
1800086
1800087
1800092
935660
935673
935687
935691
935700
935706
935710
935715
1800149
935729
1800165
935763
1800182
1800191
1800195
1800197
1800202
935796
935805
1800215
1800221
1800229
935840
935842
1800241
1800251
1800256
1800275
1800281
1800283
935919
935920
1800303
935925
1800319
1800322
1800324
935955
935958
1800348
1800352
935985
935995
936019
1800396
1800397
1800398
936041
1800402
1800404
1800410
936057
936065
1800442
936097
1800450
936104
936112
1800463
1800466
1800509
936189
936198
1800538
1800570
936256
936262
1800586
936271
1800596
1800617
1800620
936318
936323
936341
1800658
936387
936390
1800683
1800693
936405
936414
936418
1800708
936426
1800714
936433
936437
936436
936447
1800727
936448
936473
936480
936488
1800783
936522
936533
1800798
936542
1800805
1800812
1800813
936563
936569
936574
936581
1800836
1800840
1800850
936606
936617
1800862
1800865
1800873
1800883
936647
936677
936681
1800920
936693
936695
936704
936705
1800938
936715
1800946
936728
936740
1800978
936761
936778
1800995
936787
936790
1801006
1801007
1801021
1801022
1801034
936836
936837
1801054
936861
936864
936889
1801090
1801091
918891
936912
936938
1801141
936976
1801156
1801158
1801162
936998
1801171
937040
937075
937076
937080
1801262
1801269
1801271
937124
937126
1801276
1801280
937138
937139
1801289
1801303
1801304
937173
1801313
937196
1801330
1801340
937240
937242
1801365
1801366
1801373
1801376
937258
1801379
1801395
937296
1801416
937313
1801421
1801422
1801424
937326
937328
937329
1801442
1801443
937391
937402
1801496
1801498
1801499
1801515
937428
1801516
937432
1801536
1801537
937456
937457
1801542
937466
1801560
1801563
1801567
937500
1801572
937515
1801586
1801587
937519
937523
937526
937527
1801599
937532
1801647
1801650
937601
937605
937612
937624
1801678
1801679
937640
937655
937656
937662
1801711
937695
1801730
937701
1801743
937722
937736
1801767
937750
1801782
937771
1801792
1801806
937798
937800
937841
937842
938169
938174
938181
1802120
938188
938232
938274
938278
1802197
938290
1802207
938300
938306
1802228
1802247
938348
1802279
938385
938394
1802290
1802292
1802293
1802298
938411
1802305
938426
938428
938430
938434
938451
1802361
938489
938495
1802379
1802769
938998
1802796
1802800
1802805
1802812
1802815
1802832
939078
1802844
939087
939102
939109
939112
1802868
939116
939126
939136
939147
1802900
939174
939182
939184
939187
1802948
1802970
1802981
939256
1802986
1802991
939275
1803012
1803021
939302
1803026
939315
939319
939334
939339
939356
939374
1803078
1803079
1803091
1803093
939401
1803115
1803121
1803146
1803148
939486
939501
1803186
939513
939522
939545
939548
1803274
1803276
1803286
1803306
1803308
939706
939710
939712
1803354
939722
939727
1803361
1803378
1803383
1803389
939784
939793
1803419
1803425
939810
1803430
939814
939842
1803454
939857
939861
939876
1803498
1803501
1803518
939924
939926
1803521
1803522
1803525
939945
939948
939964
1803613
1803619
940050
940056
1803626
1803631
940071
940073
1803643
1803653
940748
1804187
940763
940772
1804203
940778
1804206
940840
940846
940848
1804264
940852
940853
1804269
940861
940866
940877
940929
940954
940958
940960
940962
940968
1804366
940978
940983
940999
1804419
1804420
941046
941047
941052
1804432
1804435
941066
1804456
941092
941099
941107
941115
1804480
1804497
941208
1804553
941218
941225
941226
941228
941455
1804757
941474
1804769
941488
941493
941496
1804790
941508
1804798
1804808
941527
941528
941536
941567
1804854
941585
941586
1804860
1804862
941604
941608
1804884
941675
1804929
941698
1804963
1804968
1804981
941749
941812
1805037
941947
941948
941951
942132
1805297
942250
1805387
1805405
942347
1805472
1805473
942392
1805584
1805595
942541
942544
1805627
1805629
942571
1805652
1805659
942594
942597
942606
1805677
1805678
942614
942615
1805680
942651
942652
942672
942682
942684
942696
942708
1805868
942851
1805884
1805886
1805895
942886
942890
942892
942904
1805915
942927
942947
1805969
1805985
1805987
943003
943008
943017
1806002
1806012
1806061
943101
943105
943106
1806076
943110
1806089
943132
943143
1806125
1806137
943184
1806145
943197
943198
943225
943228
943239
943242
943246
1806186
943256
943296
943308
943314
943318
943360
1806279
943362
943371
1806300
943498
1806394
943515
943519
1806407
943530
943547
943556
943561
943563
943564
1806445
943567
943571
943586
943589
943592
943601
943612
943614
1806484
943623
1806492
1806506
943644
943661
943778
1806624
943814
943815
943823
943862
943900
943901
1806714
943922
943923
943926
943969
944015
1806805
1806818
944042
944056
944155
1806915
944160
1806923
944170
1806964
1806975
1806977
1806981
944254
944259
944265
1807002
1807005
1807006
1807009
1807012
944287
1807023
944294
944295
944315
944321
944353
944356
944360
944366
944384
1807110
944397
1798810
934411
1799246
934612
1802511
1051129
12408
1058542
12420
12429
1058573
12450
1058599
1058798
12731
1058800
1058826
3101
1051125
12771
1057964
1058833
12781
12787
12788
12789
1051394
12833
10292
1056833
1051133
1058910
1058924
12894
1058935
1051393
1058938
1058943
12910
1058948
1058963
1051157
1058969
1058970
1051143
1059127
1059135
13152
1059141
1052010
1058237
1059152
13173
13184
13196
13202
13221
13226
13227
13230
13233
1059207
13244
1059218
13255
13302
13308
13310
1059267
1059271
1059302
11431
1059326
13390
2973
1050968
13397
13402
13407
13412
13413
13416
13419
13422
13435
1059367
1059368
13437
13443
13456
13467
2912
13489
13491
13496
13503
1059422
1059425
1059436
13525
1059445
1059453
1059459
13550
1059470
10930
13608
13615
1059514
13634
13637
1059534
13642
1059542
1059556
1059557
13670
13680
1059571
3154
1059581
9594
1059718
13879
13892
1051088
13908
1059753
1059754
1059776
3158
3168
1059817
1059822
10242
14013
14021
1055239
1059838
2979
2975
1059850
15814
11851
5467
1061347
1050985
16042
16047
1057128
3613
1051505
1052572
11034
11344
1057949
11844
11854
11843
1056828
10204
2966
1050950
2917
1055219
1050975
11899
16246
9820
10479
1052591
3185
1061717
12071
12041
16373
1058001
16384
11949
1061779
16447
11757
11847
16464
1052526
5151
1061943
4033
4182
1061960
4184
1056559
1061977
16698
16706
16714
1061997
16718
1062000
16725
16735
16740
1062028
16758
1062032
16765
1062038
1062040
16781
5056
986504
986507
1840952
1840964
986531
1840997
986580
1841008
917685
917700
917706
917710
1785677
917731
917742
1785700
917754
917768
917777
1785728
1785744
917805
917812
917839
916322
1785794
917874
916433
917907
1785855
1785856
917948
917950
917994
1785895
1785898
918005
1785912
1785931
1785941
918094
1785984
1785987
1786010
918136
918139
1786013
918159
918174
1786053
1786078
1786081
918228
918238
918251
1786129
918286
1786135
918293
1786143
918303
918310
1786159
1786161
1786172
1786173
918342
1786182
1781729
1786216
1786231
1786232
1786253
918438
918446
918456
918465
918482
1786307
1786368
1786378
918590
1786380
1786381
1786394
1786404
918630
1786415
918660
918668
918680
1786452
1786462
1786471
1786491
918731
915893
1786529
1786543
1786547
1786555
918807
918810
1786569
918827
918844
918850
918854
1786597
918856
918866
1786613
918881
918882
1782170
1786634
918910
918911
918913
1786647
918932
918933
918936
918943
913563
918958
918968
1786849
919175
1786857
1786860
1786866
1786870
913651
1786877
1786878
919211
1786890
1786892
919226
1786900
919234
919236
1787015
1787032
919402
919438
1787065
919464
919469
1787107
1787112
1787120
1787128
919523
919527
919531
1787141
1785009
920194
1787679
1787695
1787697
920229
1784673
920238
920243
1788818
1788820
921627
921818
1788981
921861
1789022
921900
1789060
922500
1789526
1789529
1789530
922514
1789548
1789553
922551
922563
922566
1789588
922640
922655
1789667
922687
922688
1789676
922700
922786
1789753
922789
922797
922800
922810
922813
922815
922817
922837
1789794
922840
922862
1789814
1789822
1789844
922908
1789854
1789858
922940
922953
1789887
922968
1789902
1789903
1789908
1789934
923019
1789943
923027
1789950
1789958
1789969
923078
923100
1790009
923111
1790015
1790020
923122
923131
923136
1790035
923144
1790044
923149
923162
923167
923171
923184
923189
923191
1790078
923193
923198
1790084
1790086
923214
923227
923264
923284
923290
1790167
923301
923303
923325
1790206
1790208
923354
923379
1790232
1790235
1790237
1790256
923414
1790266
1790267
1790279
923444
1790288
1790293
1790321
923504
1790329
1790334
923521
923523
1790363
1790374
923575
1790390
923578
923596
1790406
923614
1790425
923637
1790441
1790446
1790453
1790454
923659
1790459
923666
923670
1790465
923685
923690
1790483
923702
923712
1790502
923719
1790504
923729
923736
923756
1790535
1790541
1790545
923773
923781
1790565
923797
923800
923813
923816
1790581
1790601
923850
923860
1790621
1790623
1790628
923878
1790633
923890
923892
1790656
923916
1790664
923927
923931
1790672
1790684
923969
1790704
923985
1790718
1790763
924048
1790806
1790815
1790817
924122
924150
1790855
1790864
924177
924193
1790889
924202
924242
924244
1790930
1790940
1790956
1790969
1790981
1790986
924326
924332
924344
1791004
924350
1791011
924360
924380
924402
1791052
924408
1791057
924412
924414
1791066
924420
1791070
924440
924442
924450
1791098
924473
1791108
1791143
1791157
924549
1791184
924586
924623
1791231
924633
1791244
924646
924651
1791251
924663
924678
1791285
1791292
924714
1791308
924729
1791317
1791343
1791344
1791376
1791377
924816
924817
924828
924830
1791396
924838
924845
1791427
924879
1791454
1791477
1791483
1791485
1791522
924993
1791535
925026
925031
925052
1791603
925100
925121
1791632
1791649
925166
925168
925194
925195
1791687
1791720
925240
925244
925254
1791739
925261
1791756
925289
925295
925314
1791783
1791784
925350
925369
1791830
1791834
925402
1791858
1791860
1791878
925438
925443
1791899
915151
925500
925515
1791953
925525
1791971
925564
1791992
1791995
1792025
925627
925628
925631
925632
925634
925662
925687
925692
925700
925708
1792105
925723
925725
1792138
925756
1792180
925806
1792189
925834
925837
1792206
1792208
925845
1792232
925887
925888
925889
1792253
925911
1792263
925920
1792271
1792276
925931
925936
925959
925990
925995
1792330
925998
926017
1792362
1792365
926049
926055
926081
926093
1792430
926145
1792459
926175
926183
1792493
1792494
1792503
926250
1792540
1792552
926279
1792558
1792564
926317
926322
1792599
1792600
1792618
926353
926365
926395
926410
926412
926416
1792678
926431
1792688
926456
1792701
926466
1792711
1792718
926496
926501
1792741
1792754
926536
926548
926555
926580
1792811
1792812
1792825
926625
1792841
926632
926651
926656
1792886
926690
1792892
926722
926727
1792921
926740
1792939
1792940
1792942
916287
1792967
919592
1787256
919683
921069
921368
1788759
2991
1050997
1051013
1051059
1051087
1051120
3179
3195
3196
3373
3439
3506
1051413
1051436
3566
1051455
1051483
3615
3620
3639
1051519
3657
1051523
3663
3665
1051534
1051540
3682
3691
1051550
1051566
3737
1051587
3742
1051594
3762
3783
3805
3811
3823
1051661
3836
3843
1051682
3854
1051687
1051689
1051714
3908
1051735
1051736
3929
1051745
1051749
3937
1051761
3957
3959
1051052
3995
1051823
4032
4043
4069
1051857
1051862
1051863
1051877
4103
4105
1051885
4113
1051897
1051902
4134
4137
4139
4146
1051917
4157
4162
1051928
4186
1051946
4208
4220
4246
1052001
4265
1052023
4289
4292
1052039
4313
1052071
1052086
4361
4365
4367
4370
4383
1052107
1052137
1052163
1052165
1052166
4462
1052168
1052171
1052185
4491
1052192
4510
1052209
1052213
1052224
1052228
4563
4566
1052261
4582
1052268
1052272
4598
1052286
4617
4618
4634
1052312
4665
1052329
1052331
1052338
1052344
1052348
4696
1052357
1052379
4741
4742
1052396
1052403
4751
4763
4765
4768
4780
4785
4787
1052435
4797
4817
1052464
4832
1052469
4849
1052480
4861
1052490
4866
4874
4876
4901
4902
1052525
4909
4924
1052550
4943
4951
1052568
4975
4985
1052603
1052613
1052614
1052615
1052634
5051
5072
5074
1052669
1052674
1052688
1052725
5195
1052755
1052757
1052761
5208
5245
5247
1052802
1052809
1052811
1052812
1052815
1052847
5319
1052849
5327
5337
1052864
1052891
5374
1052896
5400
5404
5420
1052943
5435
1052955
5461
5469
1052974
1052982
1052983
5491
5494
5498
5520
9777
1056452
9826
9832
1056479
1056489
9847
1056491
1056498
9870
9873
9888
9894
1056539
1056563
9948
9949
1056585
1056592
9989
1056612
9997
10001
10008
10011
10040
1056646
10047
1056671
10074
1056674
1056682
10087
1056691
1056694
10147
1056739
1056783
1056785
10228
10257
10348
10350
10364
1056894
1056899
10375
1056912
10389
10394
10398
10428
10431
10432
10454
10464
1056989
10484
10489
10508
1057032
10550
10560
10562
1057076
1057078
1057091
1057098
10618
10637
1057118
10662
10676
10705
10706
1057183
1057186
1057189
1057200
1057202
10741
1057217
10766
1057223
1057226
10775
1057236
10790
10802
10807
10823
10824
1057270
10832
1057277
10839
1057287
10902
1057342
1057343
10921
1057357
10937
1057386
1057392
10981
10987
1057402
10995
1057416
11046
11050
1057458
11068
1057466
11072
11073
11086
1057479
1057490
11109
1057500
11127
1057513
11130
11137
11142
11149
1057533
11176
1057551
1057556
11184
1057577
11228
11267
1057654
11310
11315
11330
1057673
1057675
11345
1057686
1057688
11350
11359
11369
1057722
1057726
11418
1057759
11454
11458
1057787
11482
11485
1057815
11519
1057838
11538
11549
1057866
1057869
11590
1057892
1057896
11608
1057898
11609
1057924
1057925
1057926
11645
11665
1057942
1057946
11676
11702
1057981
1057993
1058008
11780
1058042
11799
11802
11804
11805
1058061
11819
11834
1058090
1058092
11863
11872
1058109
11881
11902
11904
1058145
11919
11945
11948
11963
11969
11999
12010
12015
12077
12081
12386
1058523
1058529
2894
1050895
1050909
1053015
5527
6232
7298
7299
1055224
926831
926837
926853
1793037
1793048
1793052
926930
926932
926950
1793101
926963
926968
1793119
1793127
927004
927033
927057
1793192
1793202
1793206
927089
1793231
1793232
927121
1793239
927138
1793249
927169
1793277
1793278
1793281
927181
1793306
927225
1793324
927249
927279
1793364
927290
1793374
1793376
1793377
927302
1793382
1793386
927313
927317
927336
927341
927346
927347
1793427
927361
927384
1793446
927391
927402
927406
927426
927448
1793506
1793514
927489
927495
927511
927515
927538
1793582
1793587
927562
927567
927574
1793603
927583
927607
1793635
1793637
1793638
927629
927651
927659
1793682
1793697
927700
927701
927710
927718
927723
1793721
1793727
927741
1793737
1793748
1793763
927795
1793788
927817
927829
927844
1793820
1793826
927860
1793850
1793855
927916
927920
1793888
927939
927942
1793901
927950
1793907
1793909
927963
1793913
927990
1793936
928002
928031
1793969
928037
1793976
1793985
928061
1794001
1794014
928117
1794036
928127
1794062
928156
1794076
928189
928192
1794115
928219
1794120
1794126
1794133
928247
928253
1794149
928273
928276
928297
928299
1794182
928350
1794224
1794234
928392
1794263
1794272
928416
928432
1794308
1794316
928470
1794329
928499
928507
928510
1794351
928513
928516
1794356
928560
928578
1794406
1794408
928586
928610
928621
928626
928635
928640
1794455
1794458
928676
1794491
1794499
928708
928712
928727
928739
928742
928745
1794539
1794544
928772
928791
1794578
928817
1794597
928823
928826
928837
1794613
1794633
928870
928886
1794659
928897
1794680
1794683
928926
928939
928948
928964
1794716
1794719
928973
1794721
1794738
929081
929099
929107
1794835
929117
929137
929139
929165
929167
929188
1794915
929213
929215
1794921
1794957
929266
929268
929274
929293
1794998
1795047
1795057
929403
912807
1781730
912812
1781732
912826
1781742
1781745
912834
912835
1781754
1781760
912882
1781789
912892
1781803
912907
912909
912915
1781818
912925
1781822
912929
1781833
1781836
912956
1781849
912962
1781853
912970
912971
1781860
1781864
913006
1781885
1781892
913020
1781916
913046
913060
913061
913072
1781945
913102
1781967
913124
913130
1781984
913150
1782027
1782040
913207
1782064
1782114
913287
1782118
1782121
1782125
1782143
1782148
913336
913383
913385
913386
913395
913397
913400
1782217
1782233
1782236
1782239
913444
1782260
913474
1782271
1782273
913487
1782278
1782280
1782283
1782284
913514
913516
913527
913555
1782343
1782390
1782399
913796
915215
1783812
915405
1783816
1783832
915454
915464
1783879
915485
1783890
915516
1783922
1783928
915558
915563
915570
915573
1783958
915590
915591
1783971
915611
915616
1783988
1783993
915632
915634
915643
915654
1784018
915663
915672
915671
1784038
915691
915701
915703
915704
915708
915710
1784071
1784083
915755
915768
915769
915786
915791
1784131
1784137
1784138
915808
915820
915823
1784152
915825
915827
915829
1784168
915884
1784203
915894
915913
915919
915923
915926
915945
1784251
915972
915983
1784293
916018
916023
916080
1784370
916096
1784371
1784376
916117
916119
916123
1784400
916137
1784422
1784429
1784451
916218
916227
916325
916338
916350
916371
916373
916377
916394
916425
916429
916450
916480
1784682
916490
1784689
916499
916502
916538
916556
916583
916608
1784783
1784785
1784786
916813
916814
1784949
916985
1785133
1785160
1785185
917118
1785240
1785244
1785263
917239
1785291
1785361
1782658
913966
914239
1783468
914976
1795086
929426
929431
1795096
929442
929445
929450
1795106
1795137
1795138
929496
929502
929504
1795151
1795156
929521
929523
1795178
1795181
1795184
929578
929579
929582
929603
1795232
1795240
929622
929630
1795253
1795264
929652
929657
929665
1795278
1795279
1795280
929673
1795293
929687
929692
929697
1795306
929707
929717
929722
1795328
1795334
929769
929771
1795377
929794
929801
929819
929836
929880
929882
929886
1795463
929903
1795470
1795472
929911
1795476
929953
1795513
1795520
1795530
929990
929993
930014
1795562
1795573
930047
930189
930192
930194
930197
1795706
930203
930218
930219
1795724
930226
1795734
930241
930248
930270
1795767
930281
1795773
1795786
930303
930304
1795793
930309
1795797
930322
930323
1795808
930340
930346
930390
930404
930436
1795904
930464
930473
1795935
1795953
930506
930509
930510
930511
1795959
930517
1795970
930535
930543
1795986
1795988
1795990
1795998
930569
930572
930593
930594
1796028
930601
930609
1796045
930620
930623
1796068
1796079
1796087
1796088
1796091
930685
1796101
930698
1796111
930708
930710
1796122
1796123
930725
930732
930741
930748
1796150
1796154
930757
1796173
1796175
1796195
930807
930811
918878
930833
1796225
930857
930869
930870
930875
930882
1796258
930890
1796275
930907
930919
930924
930926
1796303
930940
930945
930947
930953
930954
930970
1796328
930982
1796345
930994
931007
931032
1796382
1796384
1796387
1796389
1796395
1796399
1796438
1796442
931140
931141
931143
1796470
931158
1796479
1796497
931183
1796503
1796521
1796592
931318
931320
1796650
931384
931386
1796695
931434
931451
1796718
931460
931483
931497
931524
1796786
931539
931551
931577
1796834
1796837
931741
931745
931750
1796960
1796964
931776
931793
931804
931814
931819
1797036
1797040
1797057
1797062
931897
1797089
1797097
1797105
1797106
1797111
1797114
1797125
1797129
931974
931981
1797142
932006
1797179
1797204
932065
932070
932260
932321
1797417
1797427
932345
932363
1797451
1797455
932393
932429
932433
932440
1797533
932475
932484
1797550
1797554
932510
932511
932517
932519
1797574
932532
932533
1797588
1797591
932553
932593
1797632
932603
1797648
1797649
932624
932626
932649
1797677
932672
1797696
932676
932677
1797702
932698
1797715
1797727
932838
932868
932877
1797859
933003
1797985
933110
1798216
933376
933421
933425
1798307
933437
933443
933446
933500
933586
1798437
934988
1799604
1799605
1799624
935082
935238
935254
1799784
935327
935426
935451
1799944
935493
1799962
1799964
935505
1799975
935518
1799980
935519
1799981
935523
1799997
1799999
1800001
1800012
935561
935573
935584
935590
935598
935603
935610
1800058
935656
1800091
935669
935671
935672
1800114
935702
935724
935733
1800153
1800168
1800175
935764
935783
935787
935792
935807
935809
935813
935828
1800233
935835
1800245
935847
935853
935898
935947
935956
935980
1800354
935986
935998
936006
936013
936020
936022
936033
1800400
936059
936066
936074
1800427
1800431
936083
936094
1800444
1800445
936115
1800479
1800482
1800484
936144
936146
936179
1800512
1800513
1800516
1800519
936192
1800537
936217
936222
1800550
1800555
936237
936242
936250
936257
1800592
936284
1800599
1800606
1800628
1800629
1800632
1800633
936349
1800674
1800678
1800694
1800700
936423
936434
936440
936443
1800724
1800728
936462
936474
1800750
936484
936505
936507
936515
936555
936561
1800824
1800826
1800844
936595
1800854
936619
936620
936621
936624
1800877
1800882
936640
1800888
936648
1800910
936678
936701
1800940
936732
1800965
936756
1800989
936802
936809
1801017
936842
1801049
936850
936867
1801072
936888
936902
1786615
1801101
936920
936926
936934
1801117
936947
936965
1801157
936993
937023
1801216
937064
937063
937082
1801247
1801260
1801298
937178
937183
1801319
937184
937191
1801331
937220
1801354
937244
937246
937248
1801372
937251
937257
1801383
937270
937278
937286
1801408
937298
1801428
937360
937361
937372
1801472
937375
937383
937388
1801488
1801493
1801500
937416
1801509
1801510
937424
1801517
1801521
1801522
1801523
1801530
1801534
937464
1801544
937482
1801603
937535
1801610
1801635
1801649
937600
1801658
937607
1801662
937622
937629
937634
937641
1801688
937652
1801695
937667
1801721
1801737
1801754
937727
1801755
1801762
937742
1801777
1801790
1801809
1801826
1801837
937837
938072
938177
1802125
1802141
1802150
938227
938235
938254
1802180
938282
938283
938284
1802219
1802227
938328
1802248
938346
1802252
1802263
938361
938370
1802272
938374
1802277
1802282
938388
1802299
1802328
938441
938457
1802352
1802355
938502
1802380
938526
938999
1802777
939006
939008
939009
1802786
1802808
939040
1802814
939048
939051
939063
1802828
939076
939081
1802845
1802846
1802861
939108
1802871
939121
1802878
939127
1802879
1802882
1802886
939146
939150
1802919
1802927
939194
939201
939205
1802952
1802953
939224
1802957
939226
1802960
939238
1802979
939253
939254
939261
939265
939270
1802996
939276
1803007
939312
1803037
939332
1803060
1803074
939380
939388
939402
1803105
939408
939410
939411
1803118
1803119
1803127
1803129
939455
939456
1803144
1803153
939515
939517
1803200
939531
1803207
1803217
939550
1803220
939590
939604
939616
939625
939627
1803285
1803289
939644
1803295
939649
1803302
939664
939683
1803344
939711
939714
1803352
939736
939740
1803379
1803385
939781
939811
939820
1803441
1803449
1803457
939863
939868
1803479
939877
1803492
939906
1803524
1803533
939942
939949
939951
939955
939958
939966
1803559
1803602
1803607
940036
940038
940075
940082
940087
940755
940767
940817
1804270
1804279
940875
1804290
1804306
1804309
940910
940928
940936
940949
1804361
1804410
941038
941051
941055
1804442
1804443
1804448
1804450
941087
941089
941100
941101
1804467
941132
1804493
941195
941214
1804563
941232
1804700
941453
941457
941465
1804768
941475
941494
941495
1804802
941519
941523
941525
941534
1804816
1804820
1804827
941558
1804836
1804850
1804853
1804858
1804873
1804881
941648
1804914
941664
1804923
941676
941683
1804935
1804948
941714
1804962
1804964
1804995
941790
1805024
941805
941809
941811
941813
1805045
1805144
1805300
942140
942233
942241
942303
942349
1805470
942356
942361
942396
1805520
1805597
1805610
942543
1805667
942601
942609
942630
942633
1805704
942647
1805711
1805745
942697
942700
1805753
942872
942875
1805888
942899
942913
1805919
942931
1805934
1805945
1805951
942975
1805970
942978
943001
1805992
943007
1806014
1806018
943039
943041
943093
943171
1806130
943180
1806140
1806154
1806157
943221
1806188
943249
943268
943269
1806210
1806211
943289
1806224
943312
1806240
943345
1806265
1806270
943356
1806280
943374
1806294
943501
1806406
943527
943531
1806430
943552
943569
943576
1806455
943611
1806486
1806505
943645
1806509
1806520
1806625
1806650
943863
943888
943906
1806718
1806726
1806767
943970
944021
1806809
1806811
1806816
944034
944036
944039
1806831
944052
944054
944159
1806918
944216
944240
1806984
944253
944256
1807010
944279
944290
944293
944307
1807036
944309
1807049
944358
1807079
944367
1807106
1807111
1798749
934213
1798934
1798958
934611
934637
938555
940646
1804104
940660
1058546
1058547
1051392
12451
3121
1058589
1058600
12719
1058518
1058796
12774
1058844
12793
1058850
12802
3113
1058862
1058864
1056932
1058868
10411
12823
1058874
1058875
1058880
12841
1056929
1051137
8271
1058932
1058933
4269
1058944
1051253
12933
12936
1052090
1058983
13094
1059110
1052217
1056853
13142
1059133
3359
1059139
1059147
1058275
13165
13168
1056519
1059156
13188
1059185
13215
10244
1059197
13232
13236
1059212
1059215
12093
1059222
1059224
13259
13266
1059233
13269
1056815
1059237
1059241
13281
13289
13304
13324
13325
13340
13349
1059300
13360
13365
13370
13381
13396
13400
1059351
13418
13432
10169
1059370
13457
13466
1059393
13469
13475
1059402
9601
13497
1059419
1059433
13531
13533
13547
1059460
13563
13582
1059512
13620
13621
1059538
13646
1059544
13655
13658
13660
13675
13678
13684
1059583
1059588
1059593
1052742
1059738
1059740
1059741
13900
13902
13903
1059748
13913
13982
1058006
1059811
1051115
1059820
1059833
14025
14027
1059846
14040
1061422
1056458
3658
1051537
4303
4547
1058079
16078
1056859
10367
1057989
1058106
16114
16115
16118
16117
16178
1061561
1061633
16334
1061712
1057797
1058016
11828
1058094
16383
10968
16429
16431
16433
16448
12070
1058004
16471
1051938
1061951
16662
1061973
16686
16688
9941
1061984
1052111
1052116
4402
4086
1062001
1062015
1062017
1062027
9811
4999
1052653
986484
986497
986500
986506
1840950
1840953
1840965
1840985
1840993
986567
986578
986591
1841018
917681
917684
1785648
1785654
917705
917717
1785676
917723
1785683
917733
917745
1785696
917752
917755
917770
1785720
917786
917787
917789
917804
1785745
917809
1785750
917833
1785798
1785799
917887
1785817
1785843
1785860
1785889
1785891
1785899
1785905
1785907
1785918
1785959
1785967
918084
918089
918096
1786004
1786014
1786020
1786030
918169
1786036
918188
1786052
918190
1786085
918239
1786105
918255
918256
918258
1786111
918300
1786149
918309
918318
918320
1786163
1786171
918335
918337
1786176
1786179
912810
918380
1786225
918408
918420
918428
1786249
1786259
1786266
1786267
1786286
918479
1786312
918570
918579
918581
1786372
918591
918610
918613
918625
918626
918664
918683
918693
1786486
1786489
918768
1786528
918774
918783
918787
1786545
918794
918803
1786563
918821
918822
918823
918836
918851
918868
918876
1786617
918894
1786639
918938
1786668
918998
1782339
919136
919178
919184
1782395
919196
919230
1786903
919349
1786994
919457
1787084
919528
1787142
1787169
1787173
919581
920191
1787683
1787686
916478
920226
1784672
920234
1788819
921634
921676
1788866
1788972
921817
1788988
921834
921835
921858
921862
1789016
922515
922520
922522
1789556
922544
1789562
1789574
1789577
922571
922578
922658
922663
922665
1789661
1789683
1789718
922769
922778
922818
1789784
922830
922834
922845
922847
922853
922863
922879
922888
1789839
922902
922910
1789851
922929
922941
922945
922948
922974
1789915
922992
1789919
1789925
923010
923026
1789949
1789954
923053
923055
1789971
923061
923065
1789977
923071
1789987
923094
1790010
1790011
1790013
923119
1790025
923127
923159
923160
1790055
923163
923177
1790085
923226
1790113
923244
1790124
923273
1790153
1790163
923321
1790200
1790201
923344
923345
923364
923380
1790230
923412
923423
923431
923433
923435
1790276
923442
923443
1790290
923455
923465
1790299
1790300
923471
923490
923492
923494
1790328
923519
923524
1790348
1790364
923560
1790170
923563
1790388
1790399
923595
923609
923616
923618
1790431
923638
923643
923646
923652
1790449
1790497
923718
1790503
923733
923737
923766
923771
923778
1790556
923791
923805
923832
923854
923862
1790631
1790637
1790638
923901
923906
923908
923932
1790677
923952
1790700
923971
923974
1790716
1790717
923987
1790720
923993
1790727
924002
924009
1790736
924011
924018
924020
1790749
924034
1790755
924037
1790759
1790766
924062
924063
924069
924075
1790789
1790791
1790794
1790814
924109
924118
1790829
1790833
924139
1790844
924160
924168
924169
1790879
1790881
924207
1790897
1790899
1790908
924235
1790929
924254
924262
1790939
1790941
924268
924278
1790965
924307
1790974
924310
1790977
1790992
924352
1791015
924363
924378
924379
924382
924387
1791043
1791051
924405
1791065
924421
924433
1791092
1791096
924487
924494
1791131
1791134
924517
924524
1791172
924560
924571
1791197
1791211
1791218
1791238
924641
924645
924657
924658
924666
1791266
924670
1791270
1791279
1791280
924690
924692
924709
924716
924749
1791331
924752
1791333
924779
924780
1791355
1791359
1791363
924802
924808
1791378
1791393
924832
924854
924863
924875
1791431
924912
1791468
924933
1791487
1791489
924961
924988
1791526
1791534
925004
925006
1791540
925009
925017
1791559
925035
925050
1791573
925059
925067
925080
1785248
925112
925115
925117
1791628
925125
1791634
925142
925155
1791660
925174
1791674
925181
925186
1791682
1791691
1791694
925224
925227
925253
1791742
925293
1791774
925305
925315
925317
925321
1791792
925344
1791817
925357
925364
925371
1791842
925407
925414
925417
1791871
925431
925439
1791884
925454
925458
925461
925462
1791901
1791902
925475
1791912
1791915
925501
925507
925508
1791951
1791957
1791960
1791966
925544
925545
1791974
1791990
925582
925587
1792032
1792033
1792035
1792036
1792037
925637
925657
925660
1792074
1792077
1792079
925684
925690
1792088
925703
925704
925705
925714
1792129
925747
925751
1792156
1792165
1792169
925795
925804
925818
925820
925827
925847
1792215
925853
1792220
925884
925885
1792243
1792246
925894
1792258
1792266
1792277
1792284
925942
1792291
925948
925961
925968
1792310
1792317
925994
926018
1792349
926033
926034
926039
926043
1792378
1792383
1792385
1792401
926090
926092
1792410
926108
1792426
926116
926117
1792438
1792441
926134
926161
1792466
926171
1792479
1792484
1792491
1792495
926201
926206
926212
1792505
1792506
926218
926235
1792535
1792537
926255
1792545
926285
926287
926292
926294
1792588
926316
926321
926346
926356
926368
926375
1792640
926382
1792649
926402
1792663
1792665
1792667
926427
1792677
926436
926441
1792692
1792706
926467
1792709
926469
1792720
1792740
926505
926510
1792756
926525
926527
926544
1792781
926567
1792793
1792794
1792799
1792806
926587
926607
926608
926620
926626
1792839
926630
1792861
926665
926680
1792883
1792884
926683
926695
1792896
926701
926702
926707
926708
926716
926742
926757
1784521
1792945
1792951
1792963
926787
1792969
1787231
919703
1787282
1787370
1788363
1784718
1788374
2934
2969
1050973
3001
1050994
3088
1051061
3116
3132
1051110
3188
1051228
3496
3504
3521
1051418
3537
3538
1051438
3554
3561
1051444
1051458
3584
3598
3605
3609
3611
3621
1051506
3637
3650
3656
3660
1051527
3684
1051557
3705
3707
3711
1051572
1051573
1051576
1051584
1051592
3748
3759
3760
1051608
3775
1051624
3789
1051639
3813
1051664
3833
1051672
3852
3853
1051685
3860
3888
1051718
1051726
1051729
1051731
3927
1051750
3942
3946
1051762
1051765
1051771
3968
1051780
3975
3984
1051799
4015
4023
4026
1051838
1051847
4061
1051859
4078
1051867
1051869
4107
4129
1051912
1051921
4161
4167
4171
1051950
1051952
4196
4200
4225
1051977
4229
1051985
4247
4250
4268
4271
4277
4284
4288
1052029
1052030
1052037
1052038
4308
1052061
4334
4347
1052108
4393
4399
4410
4419
1052153
1052155
4450
4475
1052181
4489
4490
1052199
4529
1052238
4570
4574
1052266
4594
1052271
4599
1052288
4626
4630
1052311
1052323
1052349
1052361
1052365
4711
1052397
1052414
4771
1052421
1052423
4806
4807
4811
1052453
4824
1052460
1052471
4842
4848
4851
1052481
4865
1052496
4889
4897
1052539
1052542
1052543
4933
4948
4952
1052561
1052562
4964
1052577
4982
4995
5001
5003
5024
1052620
1052624
5037
5046
1052639
5061
5062
5071
5089
1052675
1052677
1052687
1052689
5125
5129
1052699
1052700
1052702
5136
5155
1052723
1052733
5188
1052752
5216
5221
1052778
5240
1052817
1052822
1052845
5312
1052848
1052850
5322
5325
1052868
1052869
5353
5371
5382
5388
5392
1052920
5412
5433
1052945
5447
5451
1052958
1052971
5495
5517
1053008
9764
1056439
1056447
1056475
9909
9915
1056568
1056577
1056597
1056613
10004
1056621
1056623
10035
10037
1056648
1056678
1056683
10098
10102
10151
10155
1056758
10183
1056767
10212
1056784
1056793
1056807
1056808
10245
1056837
1056839
1056862
1056868
1056898
10370
1056900
1056906
10382
10385
1056923
10416
10424
1056978
10469
10525
1057039
1057056
1057070
10582
10587
1057082
1057083
10595
1057094
10611
10612
10626
10658
1057156
1057164
1057167
1057168
1057174
1057182
10727
1057199
10742
1057222
1057225
10774
1057231
1057239
1057242
10796
1057250
10819
10834
10876
10889
10918
1057361
1057377
1057387
10985
10991
10996
1057418
11030
11032
11063
11066
11097
11100
11122
11132
1057526
1057530
11153
11156
11169
11173
11185
1057571
1057581
1057590
11259
1057617
11264
1057623
1057627
11277
1057632
11284
1057657
1057669
1057670
1057676
11335
1057684
11358
11370
11372
1057716
1057735
1057745
11427
1057751
11446
1057769
11479
1057793
1057798
1057807
1057822
1057826
1057855
1057862
1057879
11596
11598
1057893
1057894
1057899
1057903
11615
11622
11624
11652
1057945
11675
11696
11698
1057977
11721
1057994
1058011
1058019
11765
1058022
1058053
1058058
1058074
11845
11849
1058102
1058105
1058130
1058138
11932
11938
11940
1058184
1058188
11986
1058207
1058208
1058211
12002
12004
1058244
12053
1058263
1058264
12079
12328
12378
1058514
1058526
1058534
2900
1050899
2903
2918
5847
1053280
1054387
1056189
9490
1056350
1792981
926809
926819
1793000
1793005
1793007
1793009
1793013
926848
926856
926861
926863
926878
926902
926904
926907
1793065
1793069
1793082
926948
926949
1793100
926957
926966
1793128
1793147
927019
927026
927029
927035
927036
927041
1793174
1793175
1793177
1793178
927069
927072
927109
927122
927135
1793263
927157
1793272
927179
927180
927182
1793288
927207
1793335
927257
927258
1793351
927266
927268
927283
1793373
1793375
927300
927301
927312
927320
1793399
1793405
927351
1793425
1793441
1793443
927386
1793449
1793458
1793462
927409
1793464
927420
927422
927425
1793485
927464
927480
927482
927492
927494
1793543
1793545
1793553
927522
1793566
927552
927554
1793585
927561
1793602
1793604
927582
1793613
1793645
927645
1793666
1793670
927662
927671
1793687
1793693
927694
927696
927702
927721
1793726
927734
1793756
927776
1793795
927830
1793814
927847
1793819
927851
1793823
927874
1793853
1793872
1793875
927931
927938
1793891
927943
1793902
927959
1793910
927972
1793921
1793922
1793924
1793925
927987
1793932
928010
928026
928035
928067
1794005
928082
928094
928115
928123
928131
1794066
928199
928212
928215
928225
928226
928237
1794143
1794144
928265
928278
1794170
928296
1794180
1794190
1794198
1794203
1794216
928353
928360
928376
1794246
928384
928389
928395
1794261
1794268
928413
928427
928430
1794302
928459
1794314
928465
928467
928469
1794343
928501
928511
1794353
1794360
1794361
928532
1794370
928537
928538
1794373
928555
928568
1794396
928571
928573
928574
928587
928604
1794427
928631
928658
1794475
928683
1794493
1794495
1794509
1794511
928710
928766
928768
928769
1794571
1794581
1794590
1794592
928816
1794601
928827
1794618
928846
928861
1794640
1794654
1794663
928903
1794671
1794675
928930
1794688
1794690
1794694
1794707
928956
928972
928977
929004
929013
1794756
929024
1794776
929043
1794789
929066
929068
929069
929075
929084
1794812
1794817
929101
1794869
1794886
929189
1794903
929209
1794939
929281
929285
929292
929301
1794988
929327
1795008
929340
1795024
1795025
1795028
1795031
1795035
1795036
1795041
929371
1795072
929412
1781731
912820
912822
912828
1781752
912854
912884
1781792
912889
1781813
912932
912943
912955
912957
912989
912995
913035
913041
1781918
1781922
913058
1781928
1781930
913066
1781934
1781941
913090
1781966
913107
913123
1781986
1781995
1782010
1782023
913184
1782030
913206
1782049
1782107
913279
1782116
913292
1782120
913299
913300
913306
1782132
913315
913333
913344
913368
1782198
913389
1782200
913413
913419
913439
913440
1782243
1782247
913454
913460
913468
1782266
1782267
913483
1782285
913502
1782296
1782304
913524
913540
913553
1782338
1782365
1782391
913630
913644
1782405
1782413
1782419
913669
913676
913679
913682
1782602
1782609
1782612
915112
1783650
1783652
1783783
915406
915412
915423
1783844
915443
915450
915461
1783873
915487
1783885
915496
1783901
915522
1783939
1783959
1783961
1783976
915610
1784001
1784004
915646
1784012
1784024
1784036
915726
915748
915757
915759
915771
915779
915781
1784166
1784189
1784199
1784205
915965
915977
1784291
1784302
916013
1784308
1784310
1784322
916035
1784329
916053
916054
1784353
916079
916087
916110
1784389
1784391
916132
916133
916135
1784403
916142
916151
1784421
1784444
916187
1784457
916214
916222
1784475
916231
916240
916283
916293
1784529
1784532
916300
916319
1784558
916332
916347
1784599
916385
916386
1784606
916401
916405
916411
916424
1784643
916464
1784676
1784687
916492
1784714
1784731
916558
916565
1784779
916610
916612
916614
1784792
1784947
917004
917005
1785156
917071
917113
1785237
917181
917189
1785251
1785272
917226
917244
1785294
1785296
1785364
917354
914278
1782915
1783145
1783180
914612
914947
914970
929449
929465
929478
1795128
929491
1795139
929501
1795152
929513
1795158
929525
929543
929555
929557
1795197
1795212
1795218
1795221
1795229
929608
1795245
929628
929631
929644
1795262
1795270
1795271
929661
1795283
929682
1795299
929695
1795304
1795308
929708
929710
1795324
929758
1795363
929775
929776
1795376
1795382
929802
929808
1795402
929823
1795428
1795433
1795446
1795447
929887
929897
929900
1795474
929912
1795481
1795488
1795493
929934
1795494
1795497
1795507
929964
929978
930008
1795556
1795567
1795663
930146
930213
930222
930227
930237
930249
930250
930277
1795774
1795785
930313
930318
930325
1795811
930351
930353
930356
1795840
1795843
930371
930375
930379
1795852
930391
930398
1795869
930405
930413
930415
930423
930474
1795950
1795956
930518
930532
1795987
930552
930566
1796017
930586
930588
1796035
1796040
1796058
1796075
1796078
930668
930678
1796098
1796115
1796135
1796140
930743
930747
930749
930756
1796159
930770
930783
930796
1796189
1796194
930831
1796218
1796229
1796236
930859
930863
1796253
1796257
930888
1796266
1796280
1796285
1796295
930930
1796305
1796307
1796308
1796312
1796314
1796319
1796323
930968
930984
930987
930991
931002
931017
931019
931055
1796403
931067
1796439
1796444
931117
1796452
1796482
1796483
931167
1796507
931195
1796509
1796520
1796529
1796533
1796535
931267
931270
1796612
1796651
1796652
1796660
1796663
931392
931399
1796675
931412
1796685
1796713
1796717
931476
1796734
931479
1796746
1796749
1796760
931520
1796771
931521
931530
931531
1796784
931558
931563
931579
1796818
1796819
1796825
1796827
931603
1796847
931654
931708
1796918
1796927
1796940
1796942
931739
931780
931781
1796984
931806
931807
1797037
1797047
1797056
1797065
1797072
1797079
1797091
931934
931941
931942
1797110
931944
931961
931969
1797141
931985
932030
932257
932271
1797373
1797388
932322
1797415
1797419
932349
1797439
932364
1797450
932376
932380
1797479
1797484
932441
1797520
932462
1797534
932472
932474
932476
932488
932501
932524
932539
1797595
1797605
932569
1797617
1797622
1797631
1797639
1797651
932636
1797676
1797679
932661
1797694
932673
932695
1797719
932714
1797730
932718
932869
1797854
932884
1797957
933005
1797978
933031
933036
1798087
933162
933348
1798256
933422
1798298
933435
933449
933489
1798361
1798431
935072
935246
935248
1799767
935262
1799778
935274
935302
1799807
1799809
935322
935446
935447
935459
935467
1799949
935480
1799957
1799965
1799987
935546
1800003
935549
1800010
1800017
935579
935587
935592
1800043
935630
935635
935637
1800082
935649
935654
935657
935662
935661
935682
1800113
935693
1800125
935705
935709
935713
1800143
935726
935734
1800157
1800159
935751
1800179
935767
935775
935777
935802
1800216
1800220
935820
1800225
1800235
1800240
1800255
935867
935872
935893
1800294
1800321
1800329
1800330
1800338
935974
935975
1800347
935981
936001
1800376
936011
1800379
936018
1800390
936034
1800394
936070
936096
1800447
936117
936121
936130
1800472
1800480
1800488
1800527
936202
1800534
936243
1800568
1800569
936251
1800591
936283
1800600
936300
1800614
936312
936320
1800626
1800636
936336
1800641
1800652
936354
936378
936384
936397
936407
1800697
1800719
1800721
1800731
936468
1800751
936490
936492
936493
1800762
936494
1800772
936510
936513
936514
1800785
1800788
936526
936530
936538
936539
936544
936553
936559
936562
936565
1800834
1800845
1800852
936612
936614
936625
1800876
1800912
1800914
1800917
1800951
1800961
936745
1800970
936755
1800977
1800980
936762
936781
1800997
936803
1801019
936812
1801030
1801057
1801062
936899
936901
936906
1801107
1801112
936930
936935
936984
1801163
936994
1801172
937008
1801199
1801202
1801219
1801225
1801239
937113
937123
937133
1801285
937147
937169
937182
937186
1801324
937193
937199
937207
1801338
1801348
937235
1801367
937249
937261
937262
1801397
1801407
1801414
1801418
937323
937330
937337
937341
1801463
937367
1801469
937392
937413
1801507
937477
1801566
1801568
937502
1801583
1801589
1801591
937531
937533
1801611
937570
937579
937582
937593
937595
1801652
937603
937621
937642
937669
1801710
1801722
937694
937712
937730
1801763
937741
937755
937758
937773
937775
1801795
937781
1801800
937803
937818
1801827
937822
1801835
937833
937847
1802109
938185
938187
938209
1802147
938215
938230
1802178
938264
1802186
938286
1802212
1802220
1802239
1802254
1802262
938368
1802278
938377
938393
938397
938409
1802313
938424
938431
1802324
1802331
938447
938449
1802343
1802360
938493
1802377
938519
938529
1802409
938542
938989
1802776
939016
939017
1802793
939029
1802801
939032
939038
939064
939075
939083
939084
939088
939096
939106
939128
939137
939140
939141
939159
939160
939166
939171
939173
939181
939235
1802969
1802978
1802988
1803002
1803006
1803009
939296
1803016
1803019
1803029
1803038
939384
939398
1803100
939419
939436
1803128
939451
1803140
939460
1803151
939473
939475
1803160
1803162
939481
939509
939512
939516
939523
1803213
939551
1803250
939592
1803259
939619
939620
939633
939655
1803312
1803323
939685
1803330
939692
1803372
1803375
939758
939760
939771
939777
1803403
939778
1803413
939791
939796
939825
939826
939827
1803442
939836
939839
1803450
1803453
1803462
939883
1803488
939885
1803496
939902
1803506
1803520
1803526
939940
1803534
939967
1803563
1803616
940065
1803639
1804185
1804190
1804204
1804208
940785
940790
1804263
1804271
940862
940874
1804292
1804295
940896
1804314
940920
1804328
940941
1804345
1804348
940969
940970
1804371
1804387
1804396
941031
1804417
941040
941048
1804436
941069
941080
1804460
1804484
941129
1804496
941196
941210
1804555
941220
941223
1804565
1804674
941378
1804691
941380
1804693
941381
1804697
941451
1804761
1804764
1804787
941510
1804796
941515
1804807
1804811
941550
941570
941574
941582
941584
1804865
1804871
1804882
1804896
941653
1804911
1804912
941660
941690
941697
941699
1804947
941710
1804956
941726
941729
941745
941747
1805019
941795
1805022
941810
1805035
941820
1805043
1805150
1805294
942249
942371
942373
942376
942393
942394
942413
1805532
1805533
942482
942509
942514
1805608
1805622
1805662
942605
942619
942620
1805689
1805690
942635
1805706
942657
942659
1805716
942666
1805729
1805866
942876
942879
942884
1805906
1805910
942921
942933
1805936
1805939
942937
942938
942941
1805943
1805950
942958
942976
1805994
943020
1806009
1806013
1806017
1806033
943091
1806062
1806067
1806068
943112
943119
1806099
943152
943153
943166
1806124
943200
943204
943215
1806168
1806171
1806182
1806201
943274
943292
943293
943303
943310
1806239
943343
943350
943383
943394
943395
1806312
943486
943492
943506
943512
943513
1806414
1806427
943588
1806485
943783
943802
1806644
1806659
1806685
943897
943920
1806741
1806765
1806823
944043
1806901
944156
944169
1806926
1806958
944209
1806962
1806972
1806978
1806982
944248
944251
1806995
1807001
944291
1807041
944323
944342
1807073
1807076
1807081
944371
1807088
944379
1807128
1799249
1802614
1802617
1802746
1804099
940650
940657
940669
1058536
1058552
10401
12448
1058581
12388
1058797
3100
3111
1051130
1058835
12783
3174
12795
1053279
1053269
12797
12806
1058861
12809
1058872
12838
1058888
12861
12862
1058911
12870
1058926
12891
1058928
1051395
12903
1058946
12913
1058953
1058957
1058958
1058959
1058961
12946
13093
1059093
13102
1051127
12031
13172
13181
1059163
13185
13191
13192
13197
1059187
1059200
1059203
10288
13241
13243
1059213
1056813
1056752
13253
13260
13268
1059206
13273
13292
13320
8285
1059277
8294
13327
13352
13359
13361
1059312
1059324
1059338
13401
1059346
1059355
13423
1059359
1050976
13434
1059389
1059390
1056311
13476
13482
13501
13505
1059430
1059431
13527
13528
1059448
13537
13549
13564
3110
1059490
1059500
13603
13611
1059521
13630
3366
13654
13663
1051113
3161
13686
1059572
1059577
13715
13724
4483
1059742
1059747
13914
1059778
10871
10927
3162
14006
14026
1059849
1050965
1058085
1052970
1061345
15910
1058072
1057074
1061455
5063
16049
1051339
4477
1056529
2996
3372
1056910
10917
11669
11744
16113
16177
1050960
1056264
1051114
11887
16261
16333
16337
1052472
1052463
4259
3305
10558
1061701
16366
10340
12042
1061723
1058066
11827
1058252
16446
10838
16473
1061941
16648
16651
16656
16676
16678
1051806
1056556
16691
1061988
16709
1061992
1061993
16712
1061994
4403
16742
16749
1052087
4336
16764
1056432
1056470
1062039
1056478
9794
1840944
986508
986511
986516
986520
1840966
1840970
915398
1785651
917694
917702
917701
917714
917718
1785674
917740
917749
917763
1785718
917774
1784227
1785729
917807
917821
917822
1785769
1785771
917851
1785805
1785813
1784572
916351
917890
917905
1785836
1785847
917942
917991
918003
1785932
1785933
918047
1785943
918064
918066
918073
1785963
1785974
918106
1785989
918124
918129
918132
1786033
1786035
918172
918189
1786059
1786060
1786062
918209
918220
1786079
918233
1786088
1786106
1786138
1786144
1786147
1786150
918314
1786175
918339
918344
918354
918415
1786242
1786252
918434
918449
918468
1786296
1786301
918510
918553
918555
918561
918564
1786373
1786375
918603
918604
918609
918627
1786414
918637
1786456
918689
918698
918700
1786469
1786527
1786531
918781
1786542
1786551
918814
918820
1786585
1786587
1786588
918849
918857
918860
1786614
918915
1786644
918924
1781973
1786669
918956
918957
913590
1786696
1786801
1786802
1786854
1786855
1786856
1786875
919209
1786883
919216
1786887
919221
1786902
1786993
1787037
919462
919468
919486
919493
919503
1787132
1787175
920184
920206
1787690
1787704
1787705
1787706
920240
920241
916384
1788825
1788828
921637
921672
921809
1788968
921814
921823
921829
1788989
1789011
921873
1789538
1789541
1789545
922530
922531
1789557
922564
922568
1789583
1789585
1789643
1789666
922698
1789687
922706
1789689
1789690
922767
1789739
1789750
1789757
1789760
1789769
922821
922835
922841
922844
1789800
1789802
922848
1789811
922885
1789848
922924
922928
922932
1789868
1789877
922946
1789882
1789897
1789900
922980
922989
1789927
1789937
923032
1789972
923062
923072
923074
923080
923083
923084
1790012
923113
1790016
1790017
923116
923129
1790032
1790033
1790034
1790036
1790040
1790045
1790050
923169
1790066
1790076
1790082
923199
923224
1790119
923247
923261
1790136
1790137
923266
923278
1790158
923289
1790159
1790160
923293
1790169
923305
1790172
923312
923313
1790181
1790186
923357
1790219
923377
923392
1790244
923400
1790257
1790260
915156
1790281
923446
923459
1790303
923472
1790304
923479
1790310
923491
1790330
923511
923512
1790350
923531
923541
1790370
923567
923582
923602
923607
923633
1790442
1790451
923656
923671
923715
923721
1790513
1790520
923741
923763
923764
923767
923775
923784
1790563
1790576
1790582
1790587
923837
1790605
1790608
923853
1790615
1790627
923876
1790635
923887
923889
1790639
923909
1790658
923945
923953
1790691
923962
1790708
1790714
923994
1790735
1790742
1790744
924028
1790778
924067
924073
924097
924104
1790820
924123
924133
924183
924185
924226
924229
1790927
924248
924260
1790946
924277
924279
924286
924293
1790964
1790971
924305
1790972
924314
924333
924338
1791005
1791017
1791018
924377
924381
924384
1791061
924424
924426
924427
1791071
924428
924430
1791084
924448
924455
1791111
1791112
924480
1791121
924489
924491
1791125
1791136
1791137
924513
1791155
1791156
1791161
1791169
924553
1791174
1791180
924569
1791193
924603
1791221
924614
1791226
1791229
924634
1791239
924652
1791258
924673
924674
1791277
1791295
924706
1791296
1791300
1791301
1791302
1791303
924727
924735
924738
1791328
924758
924761
1791340
1791349
924782
924783
924794
924795
924799
924801
924807
924824
924829
1791406
1791407
1791419
924864
1791434
924887
924897
1791452
924911
924913
924925
924948
924963
924981
1791537
925014
1791546
925025
1791553
1791561
925036
925039
925051
925065
1791606
1791610
1791612
1791613
925105
925111
1791620
925114
1791626
925129
925130
925139
925151
925164
1791664
925190
925191
1791695
1791696
925209
1791704
1791714
925260
925266
925286
1791767
1791768
925302
925307
925313
925320
1783570
1791815
925378
1791853
1791859
925413
925452
925468
1791914
925489
1791927
925495
925511
925516
925534
1791962
925542
925547
1791977
1791980
1791987
925568
925577
1791998
1792003
925597
1792010
1792040
1792047
1792056
925673
925677
1792080
925685
925702
1792098
925709
1792109
925735
1792134
925750
1792137
925765
925766
925772
925792
925794
925796
925797
925798
925800
1792186
925815
925843
1792212
1792213
925854
925859
925864
925870
1792235
925878
1792247
925893
925895
925904
925918
925938
925941
1792288
925945
925947
1792293
925951
925953
1792308
925981
1792331
925997
926009
926024
926025
926026
1792355
1792374
926050
926057
926062
926063
1792386
926068
926083
926095
926098
1792419
1792423
926122
926144
1792460
926158
1792467
926173
1792480
926200
1792514
1792516
926225
926233
1792532
1792550
926290
926299
926312
1792590
926327
1792598
926331
926343
1792617
1792623
926364
926367
1792634
1792641
1792650
926429
1792681
1792684
926443
926446
1792703
1792707
1792710
1792725
1792728
926502
1792746
926515
926519
926530
1792768
926564
1792795
926574
926585
926616
926618
1792834
1792838
1792844
1792851
1792873
926676
1792888
926691
926692
1792903
926709
926714
926717
926724
1792922
926741
926745
926752
926767
1787187
919656
919685
1787264
919705
920771
916527
921068
916263
2933
2987
2992
3000
1050995
1051063
3120
1051095
1051099
1051116
1051121
3177
1051136
1051172
3238
3239
1051273
3530
1051427
1051433
1051450
1051451
3571
1051517
3672
3673
3676
1051543
3683
3695
3721
3722
3727
1051578
3733
3745
3750
3757
3768
1051629
1051635
1051641
1051642
3810
3821
1051660
1051663
3832
3848
3862
1051692
1051693
3867
1051698
1051700
3877
3886
1051713
3894
3909
1051728
3915
3916
3920
3930
1051752
3952
3960
1051776
1051778
1051787
3989
4006
4014
1051824
4041
1051834
4056
4072
4077
4088
1051888
4128
1051900
1051903
1051923
4170
1051941
4192
4207
1051980
1051993
1052008
1052022
1052026
4301
1052054
1052056
4322
4325
4338
1052073
1052105
1052121
4406
1052129
4427
1052146
4436
4456
1052188
4492
4501
1052196
4503
1052200
4537
4540
1052227
1052231
1052242
1052245
4565
1052259
4584
4605
4611
1052296
4641
1052313
4662
1052336
4690
1052350
4698
4705
4707
4737
4758
4759
1052410
3108
4789
1052442
1052446
4825
4826
4835
1052488
4867
4871
1052499
1052504
1052513
1052516
1052517
4906
1052532
1052535
4935
1052548
4958
4968
4971
4992
5005
1052605
1052607
5020
5049
1052649
5076
5080
5085
1052666
5106
1052681
1052685
5116
1052690
1052692
5120
1052726
1052734
1052737
1052738
5177
5184
1052760
5205
5206
1052772
5234
1052782
1052792
5249
1052797
5292
5294
5301
5306
5331
1052865
1052866
5357
1052908
1052944
1052948
5443
5445
1052953
5479
5508
1056380
1056383
1056427
9766
9780
9782
9784
9797
9809
1056467
9830
9831
9841
9842
1056493
9853
9878
9912
1056546
9919
9924
9934
9938
9958
9986
1056608
9996
9998
1056614
1056619
1056622
10013
10015
10016
10017
1056627
10034
10042
10043
10057
10076
1056690
1056695
1056697
10105
10127
10149
10156
10167
1056756
10184
10191
10217
1056791
10246
10259
10261
10279
1056860
1056861
1056865
10326
1056877
10356
1056890
1056913
1056919
10418
10426
10446
10459
10463
10465
1056992
1056994
10491
1057001
10498
1057005
10505
10517
10540
10554
10563
10567
1057060
10568
10572
10585
1057086
1057099
1057101
1057102
10620
10627
1057120
10641
10646
1057137
10671
1057170
10704
1057175
10708
10710
1057178
10715
10719
10732
1057198
10749
10758
1057229
1057230
10793
10794
10815
1057268
10828
1057279
10840
1057281
10842
10852
10858
1057304
10868
1057312
1057323
10895
10910
10919
10938
10965
10973
1057391
1057393
1057396
11009
11036
1057445
11070
11077
11078
1057474
11088
1057491
1057492
11103
1057506
1057509
11147
1057534
11159
1057542
1057546
1057550
11183
11199
11200
11206
11218
11222
1057596
11246
11250
1057610
1057612
1057614
1057615
11260
1057620
11265
11275
1057636
1057647
11301
11306
11338
11346
1057687
11348
11355
1057693
1057699
11375
11378
1057713
1057720
11412
11413
1057757
11448
1057780
11467
1057783
1057808
1057813
1057820
11524
11525
11535
11543
11545
1057852
1057856
11563
11567
1057875
1057878
11592
11602
11623
1057910
11625
11630
1057937
1057947
1057948
11674
11680
1057954
11683
1057968
11699
11710
1057980
1058002
11743
1058009
11759
11774
1058031
1058041
11808
11809
1058078
11836
1058080
1058084
11846
1058149
11931
1058165
1058168
1058172
1058177
1058185
11978
11987
1058217
12009
1058230
12032
12056
12066
12075
1058276
12380
12392
1050902
1050903
2915
2919
5521
5529
5532
1053582
6226
1053588
1053631
7224
7863
8274
1055225
8353
926794
926800
926824
1792996
1793002
926834
926835
926839
926860
1793030
1793031
1793040
926884
926887
926891
926905
926908
1793068
926917
926921
926922
1793080
926933
926938
926941
926954
926962
926970
1793118
926989
1793137
1793152
927043
927056
1793187
1793212
1793216
1793221
927104
927112
1793235
1793244
1793258
1793260
1793262
927155
1793271
927170
927202
927205
927243
927244
1793342
927256
927262
927263
1793357
927288
927309
1793385
927330
1793407
1793409
927339
927355
927363
927365
927367
1793432
1793473
1793481
927432
927437
1793500
1793511
1793516
1793534
927496
1793536
927533
1793571
1793580
1793584
927558
1793586
1793590
1793594
927571
927579
927589
1793614
927593
927605
927613
1793636
927633
1793658
1793661
927665
927670
927686
1793698
1793701
927708
927713
1793711
1793723
927735
1793728
1793739
927751
927772
927781
927782
927791
1793780
927801
1793785
927809
1793789
1793790
927818
1793803
927839
927840
927845
1793816
1793851
927894
927895
927899
1793862
1793871
1793874
927927
1793898
1793905
927958
927967
1793919
927975
1793943
1793948
1793968
1793971
928044
928051
1793986
928079
928114
1794043
1794047
928134
1794048
928138
1794053
1794067
928161
1794073
928165
928166
1794090
1794100
1794107
928209
928227
1794125
1794128
928239
928241
1794137
928258
928266
1794154
1794163
928277
928284
1794172
928289
928295
928318
928326
928335
928341
1794240
928375
1794253
1794258
1794269
928414
928417
1794283
928429
928431
1794289
1794299
1794305
928460
928463
928466
928481
1794328
928485
1794335
928492
928494
928495
928518
928519
928534
928542
928545
1794382
928562
928570
1794416
1794430
928615
928619
1794443
1794460
1794463
1794464
1794469
1794470
928663
1794486
928681
1794497
928709
928714
928719
928729
928756
1794557
928777
1794570
928793
928802
1794602
928829
1794621
928866
928878
1794652
1794658
928896
1794662
928900
928909
928912
1794696
928950
1794705
928955
928960
1794736
928995
1794740
1794744
1794747
929010
1794753
1794757
929027
929029
1794774
929039
929054
1794788
1794796
1794798
1794836
1794839
929122
929136
929155
1794870
929168
1794890
929185
929214
929226
929229
929231
1794938
929248
929252
929254
929258
1794951
1794958
1794963
1794967
1794971
1794976
1794992
929324
1795019
929345
1795023
929350
929351
929361
929369
929381
1795054
1795065
1795069
929408
1781726
1781734
912821
912836
912838
912846
1781761
912851
912852
1781784
912886
1781800
1781812
1781814
1781828
912937
912941
1781837
912945
1781844
1781848
1781850
912963
912979
1781868
1781869
913016
913033
1781912
913073
913083
913084
913085
1781975
913134
1781990
1782009
913173
913177
913191
913192
913210
913221
913222
1782061
913280
1782122
1782124
1782127
913323
913337
913338
913340
913353
1782167
913357
1782172
1782182
913374
913375
913391
1782202
913409
1782230
1782246
1782250
913479
913503
1782305
913532
1782315
1782332
1782355
1782382
913622
1782386
913653
1782429
1783577
915211
915411
915425
915442
1783846
915449
1783853
1783869
915480
1783881
915494
915502
1783893
915517
915520
915530
915536
1783924
1783942
1783946
1783947
915581
1783963
1783966
915595
1783980
915617
1784010
915664
915666
1784027
1784028
915696
1784052
1784062
915750
1784103
1784104
915775
1784114
915789
915800
1784146
1784161
915874
915875
915876
1784192
915885
915897
915902
915942
915953
915966
1784271
915984
1784283
1784303
916012
916021
1784354
1784355
916083
916102
1784401
916134
1784410
916152
916170
1784440
1784460
916217
916230
916234
916237
1784488
1784540
1784541
1784550
916366
916414
1784632
1784639
1784656
916513
916522
1784713
1784722
1784736
1784743
1784749
1784750
1784787
916619
916859
917043
917044
1785148
1785157
1785184
1785245
917191
917215
917225
917348
917353
917361
1785425
1785426
917417
1785434
1782634
914256
1783467
929421
1795084
1795097
1795110
1795115
929468
929469
1795121
929471
929472
1795130
929483
929522
1795168
929563
1795199
929591
929605
1795236
1795250
929634
929650
929677
929678
929679
929684
929691
1795305
929698
929709
929711
1795321
1795322
1795339
1795340
1795344
1795347
1795361
929781
1795386
1795387
1795390
1795395
1795412
929848
1795436
929891
1795461
929915
929938
1795496
929941
929950
929956
929960
1795517
1795523
1795526
929982
1795534
930002
930007
1795555
930031
930032
930041
1795687
1795695
930190
930202
930205
930215
1795735
930244
1795744
930291
930290
930297
930299
930329
930352
930359
1795859
1795875
1795877
930410
930419
1795885
1795891
1795895
930475
930478
1795933
930488
1795943
1795963
1795982
1795989
930553
1796003
1796004
1796005
1796013
930598
1796031
930615
930617
1796044
1796046
1796062
930653
930661
1796106
1796109
930707
930713
1796131
930731
1796148
930754
930766
1796164
930772
930790
930818
1796207
1796222
1796227
1796230
1796232
930858
930877
1796259
930885
1796262
930893
1796276
930908
930933
1796301
930937
930939
930943
930959
930963
1796326
930975
930998
931024
931036
1796407
1796410
1796413
931095
931105
931107
931118
931119
1796453
1796476
1796481
1796484
931166
931169
931170
931180
931211
931218
931224
1796547
931254
1796560
931297
1796598
931324
931348
1796666
1796674
931405
1796684
931419
931454
1796720
1796725
931464
931470
931471
931485
1796751
931503
1796764
931535
1796799
1796801
1796820
1796848
931717
931723
931731
1796945
931766
931771
1796975
1796988
1796990
1796992
931813
1797004
1797006
1797007
931826
1797015
1797026
1797029
1797071
931906
931912
931923
931924
931963
1797126
931976
932011
1797173
1797205
932224
932268
1797369
1797414
1797424
932340
932346
932347
1797440
932385
932386
1797476
1797483
1797489
1797492
932419
1797495
932434
1797504
932442
932445
1797513
932467
932512
1797566
1797571
1797579
932541
1797590
1797604
932564
1797613
932588
932592
932610
1797646
932619
932625
932628
932644
932668
932699
932704
932705
932716
932721
932723
1797741
932731
932732
932734
932833
932866
932878
932892
1797972
933026
933038
1797988
933357
1798260
1798303
1798306
933445
1798316
1798355
933590
933741
1799606
935074
1799722
1799761
1799763
935300
1799819
935323
935329
935449
1799941
1799947
935483
1799954
935515
935525
935526
1799988
935533
1799992
1799995
935542
935543
935554
935560
1800020
935569
1800030
935582
935585
935589
1800048
935605
935615
935646
935686
935692
1800120
935704
1800140
935723
935727
1800156
935742
935745
935746
1800163
935755
1800174
1800192
935801
935808
1800226
935851
1800249
1800268
935877
935883
1800292
935937
1800332
935977
935987
935992
935997
936016
936025
936035
936052
1800413
936060
1800415
1800416
1800426
936077
936080
936081
936093
936101
936127
1800476
936140
1800485
936150
936152
1800493
1800508
936176
1800514
1800515
936185
936187
1800520
1800536
936209
1800554
936247
936264
1800593
1800601
1800603
936307
1800630
936325
1800638
936338
936415
1800712
936457
1800743
936470
1800749
936477
936479
936486
936489
936506
936508
936543
936549
1800811
936573
936588
1800843
1800851
1800868
1800881
1800886
936645
1800908
1800913
936680
936687
1800923
1800928
936698
936714
936717
936733
936747
1800969
936748
936779
936784
936785
1800999
936791
936829
1801039
936838
1801044
936846
1801048
936851
1801051
936856
936865
936872
936875
936882
1801079
1801082
1801085
936905
1786623
1801100
936939
937003
937004
1801177
937013
1801197
1801218
937060
937065
937069
937079
937081
937091
937111
937130
937146
937176
937195
937201
937213
937219
1801347
1801351
1801352
937252
937254
1801375
1801390
937274
1801391
937284
937291
937292
937303
1801423
937318
1801447
1801448
1801452
937353
1801457
937358
937370
937385
937403
1801527
937443
1801532
937462
937520
937542
1801608
937580
937592
937620
937631
1801682
1801694
1801703
937664
1801713
937677
937690
1801732
1801740
1801745
1801752
937751
1801780
1801783
937764
1801785
937778
1801796
937792
1801811
937796
937797
937801
937830
1801842
937843
938172
1802114
1802126
1802130
1802166
938260
1802189
938273
1802202
1802205
1802222
938340
938342
1802249
1802256
938357
938375
1802307
938415
938423
938425
1802326
938445
938446
938453
938460
1802353
938487
938500
938510
1802389
938522
938540
939013
939031
939053
939072
1802837
939099
1802875
1802884
939134
1802891
939163
1802918
1802931
1802932
1802945
1802947
939219
1802961
1802963
939262
939264
1802990
939279
1803013
1803028
1803034
1803044
1803047
939360
1803071
939365
939372
939387
939391
1803103
1803111
939417
1803112
939430
939435
939441
939443
939444
939459
1803152
939476
939485
1803178
939520
1803201
939533
939535
939540
1803215
1803247
939595
1803257
939606
1803270
939629
1803284
1803307
939662
939663
1803317
1803325
1803334
1803345
939715
939719
939721
1803357
1803359
1803377
1803380
1803387
1803394
1803408
1803412
939798
1803424
1803429
939838
939846
939858
939874
939894
939899
939901
939904
1803510
939941
1803536
1803547
939970
1803610
940043
1803620
1803629
940084
940754
1804194
940770
1804200
1804211
940844
1804265
940873
1804283
940876
1804285
940880
1804293
940891
1804337
940943
1804343
940947
1804352
940959
940971
1804365
940997
1804385
941005
941010
1804395
941011
941029
941045
1804425
1804433
1804438
941091
941095
941097
1804470
941114
941119
1804481
1804486
1804491
941219
1804560
941373
1804694
941383
941454
941463
941466
941470
941540
941546
941556
1804840
1804848
941580
941588
941597
941602
941605
941609
941616
1804879
941620
941639
1804902
1804908
941656
941681
941687
1804940
1804951
941705
1804984
1805025
941821
1805146
1805152
1805178
1805292
942219
1805377
1805383
1805386
1805388
942339
1805459
1805468
942351
942353
1805487
1805502
942411
942415
942417
1805598
1805600
942526
1805618
942555
1805641
1805650
942599
942622
1805692
942637
1805701
942643
942654
1805714
1805738
1805746
1805882
942877
942888
1805904
942905
1805913
942912
942914
1805929
1805953
1805988
1805997
1806001
943018
943022
1806007
1806010
943033
943085
1806056
1806073
1806075
1806082
943117
1806097
1806107
1806110
1806111
1806116
1806127
1806134
1806135
1806149
943199
943208
943216
943224
943232
1806177
943234
1806184
1806200
1806202
943299
1806234
943315
1806244
1806267
1806273
943370
1806287
943372
943489
943490
943504
943507
1806396
1806401
943526
1806415
943546
1806434
943560
943572
943573
1806458
943590
1806463
1806490
1806491
1806496
1806503
1806511
1806522
1806609
1806611
1806613
943784
943787
943789
1806628
1806631
943812
1806642
943824
943851
1806679
943870
1806694
943889
1806711
1806720
943915
944020
1806807
944040
944048
944049
944058
1806839
944136
944139
944150
1806919
1806925
944225
944252
1806996
944275
944286
1807026
944301
1807083
944370
1807091
1807094
944393
1799248
934614
938549
1802610
12412
12417
12422
10205
10208
12446
1051079
1058572
12459
1058583
1058596
12484
12770
11666
1058837
12780
12782
1058853
1058855
12799
1058858
12808
12811
1058871
12821
1058883
12840
12854
12865
1058923
12887
1058940
12918
1058952
12922
2914
12929
4360
13091
1059094
13096
1059101
10274
13111
10810
1052829
1051015
1050983
13169
1058193
1059162
1059164
1059173
1059175
1059182
13209
12035
13225
1059199
1059201
1059235
13272
13280
1059246
1059266
13316
13330
13331
10138
13348
1056876
13376
1050967
13398
13406
1059365
13448
1059377
13468
1059395
1059404
1059409
1059412
1059414
13494
1059416
1059420
1059428
1059443
13560
1059471
1059472
1059476
13579
13581
1059488
13591
3172
13595
13599
13600
13604
1059505
1059517
2941
1059533
13648
13649
1059559
13673
3165
1059565
1051117
13721
1059609
13889
13904
13910
1058113
1056829
13948
13952
1059799
1059816
1055238
8295
1050974
1059841
14033
1056814
1061453
1051559
3712
4366
1061498
2981
1058243
16267
1051626
16332
10341
1056974
1056983
10473
1061699
1061702
1051391
1061711
1061718
11753
1058014
1061730
1061743
1061781
3104
1061939
1061942
1061946
1061949
16661
16664
1061970
16699
4473
1062006
1062018
1052070
16751
4357
16756
1062034
1056469
986501
1840949
986503
1840969
1840971
1840983
1840991
986563
1840996
1841013
1841016
915441
915471
1785550
917641
1785657
1785662
1785695
917753
917772
917827
1785765
1785768
917838
916326
1785803
917885
1785811
916432
917892
917902
1785846
917931
917932
1785854
917954
917998
918006
918007
1785911
918020
918028
1785922
1785923
918034
918044
918072
918090
918103
918115
1785997
1786009
918140
1786016
918145
918149
1786026
918171
1786039
918176
918199
918200
918203
1786069
1786071
1786083
918264
918299
918325
1786168
918352
918353
1786188
1786190
918361
1786215
1786217
1786239
1786258
918447
918452
1786280
1786289
918484
1786294
918496
1786310
1786315
1786325
1786361
918567
918571
1786370
1786371
918584
918585
918589
1786408
918628
1786434
1786460
918702
1786468
918704
1786475
1786478
918721
1786507
918789
1786549
1786572
918830
1786577
918846
1786595
1786598
1786599
918874
1786610
1786612
1786616
1786653
918941
1786666
1786677
918960
1786683
1786707
918999
1786865
1786894
1786898
919379
919471
1787685
920217
920225
916472
920227
920242
920245
1787715
921618
1788824
1788827
1788862
921682
1788870
921689
1788984
921842
921856
922518
1789539
922526
1789546
1789563
922552
922570
1789594
922656
922664
922666
922678
1789678
922707
922743
922768
922775
922777
922809
1789771
1789783
1789788
922833
1789806
922872
922877
922890
922892
1789842
922905
922914
922919
1789869
1789871
922951
1789892
1789895
1789901
922986
922987
1789926
923015
923024
923035
923036
1789956
923044
923046
923056
923069
923079
923081
923091
1789999
923130
1790030
923137
923142
923145
923152
923153
1790060
923172
1790068
923186
923192
1790089
923210
923216
1790102
1790103
923232
923248
1790126
923280
923310
1790176
923315
923317
1790192
923346
923350
1790207
1790215
923366
1790221
923376
1782662
923409
1790265
1790277
923439
923448
1790285
923456
1790298
923468
1790315
1790322
923500
923508
923528
1790351
923542
923545
923551
923553
1790375
923564
1790387
923577
1790392
1790396
923615
923619
923620
1790426
1790440
1790447
923665
923667
923681
923688
1790523
1790527
923755
1790546
923774
923794
923826
1790590
1790612
923882
1790657
923922
1790666
923926
1790673
923935
923941
923947
923955
1790696
923965
923968
1790702
1790725
924030
1790767
1790773
1790774
1790781
1790793
1790805
924095
1790813
924127
1790835
1790839
1790840
924143
924148
1790851
924151
1790856
924173
924181
924192
924210
1790925
1790934
924256
1790959
1790975
924313
924329
924340
1791002
924348
924358
924361
1791020
924364
924367
1791026
1791029
924395
924434
1791083
924443
924463
1791106
1791109
1791119
924488
1791140
924540
1791168
924550
924554
924562
1791181
924565
924570
1791189
924594
924598
924608
1791220
1791223
924624
924644
924655
1791257
924671
1791268
1791271
1791274
1791276
924689
1791284
924693
924703
924717
924718
924725
924730
1791315
924754
1791341
924770
924772
924775
924785
1791361
924793
924800
1791375
924810
924820
924821
1791388
1791390
924835
1791416
924862
924877
1791447
1791448
924906
924945
924946
1791492
924960
924973
924990
925000
1791543
1791560
925041
925042
1791571
1791584
1791585
925070
925071
1791591
925092
925093
1791635
925131
925134
1791654
1791658
1791670
925177
1791673
1791685
925210
925213
925233
1791722
1791727
1791732
925252
1791734
1791736
925257
925272
1791754
925281
925283
925287
1791781
1791789
915099
925328
925336
925337
925338
1791809
1791810
925363
925366
1791825
1791826
1791851
1791866
925423
925429
1791905
1791911
925488
925493
1791932
1791942
1791945
925543
1791972
925550
925554
1791979
1791982
1791989
1791991
1791993
925583
925595
925606
925614
925615
925618
1792029
925621
1792042
925641
925647
1792052
925661
925672
1792071
925675
925676
925680
925694
1792089
1792106
925726
1792128
925744
1792130
1792139
1792143
925771
1792155
925779
1792159
925787
1792175
925842
1792221
1792231
925872
1792239
1792274
1792287
925956
925958
1792303
925967
1792312
1792313
925976
925978
925980
925982
1792325
925991
926013
1792348
926023
926031
926074
1792399
1792415
1792433
1792439
926130
1792440
1792443
1792485
1792490
1792499
1792510
926247
926267
1792553
926296
926298
926302
926303
926307
1792583
926315
926318
1792591
926336
926340
926355
1792622
1792637
926387
926415
926420
1792676
926430
1792686
1792689
926460
1792705
926489
1792731
926499
1792742
926509
1792743
1792744
926528
1792766
1792770
926547
926575
1792805
1792809
926593
926595
1792815
1792818
1792832
926643
926648
1792863
926662
1792885
926687
1792895
1792912
926726
926728
926729
926733
926739
1792935
926748
1792944
1792950
926790
1787233
919710
919732
921054
1789405
1050931
2972
3004
3008
3030
3094
3186
3190
3191
3379
3420
1051343
1051397
1051421
3543
1051435
3572
3617
1051500
3661
3670
3675
1051546
3693
1051555
3699
1051567
1051579
1051582
1051589
3749
1051599
3758
3770
1051617
3784
1051628
1051630
3799
1051652
1051654
3839
1051674
3845
3868
1051695
3872
3875
3880
1051706
3884
1051715
3896
1051721
1051722
3906
3926
1051747
1051751
3956
3979
1051785
3990
1051793
4020
4067
4073
4091
4111
4155
4169
1051933
4195
1051957
1051959
1051966
1051969
4230
4237
1051988
1051989
1052006
1052007
1052012
1052015
1052019
4275
4280
4287
1052034
1052043
4329
1052064
1052065
4332
4340
1052084
1052092
1052125
4417
1052144
1052152
4455
4469
4472
4478
4497
4504
4508
4520
4525
1052221
4534
4536
1052230
4556
1052250
1052256
1052293
4627
4628
1052302
4635
1052316
1052320
4682
1052370
4732
4736
4749
4760
1052415
4814
1052454
4819
1052455
1052461
1052476
4850
1052485
4860
1052497
4886
1052508
4887
4893
4895
1052521
1052537
1052540
1052551
1052553
4944
4954
1052579
1052584
5002
5006
1052606
5016
5044
1052632
1052637
5054
1052646
5067
1052651
5083
1052663
5100
5102
1052694
5126
5145
5167
5176
5183
5185
5187
1052747
5207
5210
5211
5215
1052767
1052773
5229
1052780
1052787
1052790
1052814
5283
1052823
5287
1052833
5303
5305
5313
1052846
5323
5355
1052914
1052934
1052935
1052939
5430
1052941
5444
1052956
1052968
5511
1053006
1053007
5518
1056420
9761
9769
9796
1056471
9827
9835
9836
9846
1056514
9880
9897
1056532
1056552
9929
9936
1056571
1056574
9956
9976
9988
1056603
1056604
9990
1056611
1056625
10044
1056649
1056653
3126
10081
10084
10089
10095
1056726
10146
1056734
1056757
10187
10207
1056790
1056804
1056821
1056869
10347
10352
10357
10372
10374
10392
1056916
10397
1056940
1056941
1056946
1056958
10451
1056970
1056976
1056984
10481
10485
10492
10500
1057006
10511
1057019
1057040
1057041
1057044
1057050
1057053
10576
10577
1057069
1057075
10593
10599
10610
10634
1057116
1057125
1057131
10659
10660
1057141
10675
1057155
10687
10690
1057165
1057169
1057173
1057179
10718
10729
1057193
10739
1057206
10757
1057219
1057224
1057247
10797
10804
1057255
10809
1057256
1057257
1057267
10825
10845
10851
1057288
1057306
1057322
10899
10904
1057335
1057337
1057346
10945
10952
1057388
1057448
1057452
11051
11058
11060
11096
1057489
11099
11101
11121
1057532
11161
1057547
1057548
1057558
11187
11198
11212
11232
1057601
11240
1057608
11253
1057611
1057631
11296
11297
11319
11323
11333
1057691
1057697
11385
1057717
1057725
11396
11397
1057727
11400
11402
11411
11441
1057764
11459
11464
1057800
11491
1057802
11504
1057835
11530
11534
11550
11571
11574
11586
11600
1057902
1057904
11619
1057907
11626
11638
1057921
11643
11644
1057939
11668
1057959
11695
1057975
11736
11747
11754
1058024
11776
1058032
1058037
1058040
11787
11788
11791
11806
11822
1058095
11856
1058100
11879
1058116
11883
1058121
1058125
11896
11903
11917
11920
1058155
11933
11941
1058181
1058183
11966
11967
11984
1058202
11995
1058216
12008
12011
12044
1058249
1058258
12061
12076
1058273
12381
12403
1050896
1050912
1053014
5528
1053583
1054574
7482
926802
926813
926828
926845
926868
926869
1793032
1793033
926870
926873
926892
1793079
926929
926945
1793098
926958
1793109
926972
1793114
926994
927001
1793148
927038
927055
1793188
927067
1793194
927100
1793219
1793237
1793245
1793248
927145
1793268
1793275
927171
927190
1793292
927204
927210
1793308
927212
927239
1793331
1793341
927260
927267
927284
927316
927319
927325
927324
927338
1793410
1793411
927343
927348
1793419
1793429
1793433
1793439
927389
1793455
927400
927407
927430
927435
1793488
1793491
1793537
927504
927510
927517
927518
927521
1793562
927529
1793592
1793600
927584
1793607
927597
1793618
1793628
927631
1793669
1793677
1793678
1793688
927692
1793696
1793724
927757
927798
1793784
1793791
927815
1793792
1793799
1793802
1793804
1793805
1793808
1793818
1793854
927898
1793860
927902
927924
927933
1793900
927954
1793911
927971
1793940
1793944
928013
1793958
1793970
928038
1793978
1793999
928080
928095
1794021
928104
1794025
1794032
1794035
1794039
1794042
928126
928130
1794045
928150
928157
1794078
1794087
928181
1794099
928218
1794118
1794119
1794124
928233
1794132
1794136
1794140
928252
928269
1794161
916294
1794173
1794175
1794181
1794187
1794191
928337
928340
1794221
928357
1794230
1794233
1794236
1794265
928439
1794294
928447
928456
928471
1794325
1794330
1794334
1794341
1794344
928504
928520
1794364
1794377
928558
928567
928588
928590
928598
928613
1794435
928641
928646
1794462
928659
928662
1794474
1794477
928671
928680
1794489
928687
928706
1794519
928725
1794529
928744
928754
928761
1794558
1794562
1794566
1794568
928786
928796
1794600
928824
928835
1794615
1794616
1794617
928864
1794637
928869
928876
1794656
1794657
928893
928895
1794667
1794670
1794676
928915
1794699
1794708
1794710
1794725
929000
929018
929021
929022
1794766
929037
1794779
929047
929049
1794791
929106
1794834
1794838
929128
929131
929132
1794852
929144
929159
929161
1794874
929173
929176
929182
929207
1794913
929220
929233
929234
929238
929247
929256
929279
929280
1794975
929299
929300
1794994
929315
1795005
929332
1795011
929337
929349
1795027
1795032
1795038
929367
929368
929394
929400
929417
929418
1795081
912798
912811
912825
1781771
912862
912872
1781779
1781786
1781790
912891
1781801
912908
912917
1781824
1781832
912939
912944
912946
912948
912952
912990
1781876
1781877
1781878
913003
913029
1781917
913056
913077
1781946
913100
1781962
913110
1781979
913129
913132
913144
913168
913171
913172
1782029
1782042
913202
913225
1782071
1782131
913318
1782144
913332
1782156
913347
913363
913364
1782184
913392
913405
913442
913446
1782248
1782259
913473
913496
1782288
913507
913518
1782322
913559
913570
913582
913585
913600
1782367
913629
913642
913656
913660
1782417
913675
1782436
913894
915381
915387
915409
1783826
1783830
1783871
1783872
915476
1783896
1783899
1783906
915523
1783913
1783915
1783923
915542
915544
915559
915565
915564
915567
1783973
915607
915609
1783992
915630
915639
915642
915645
1784013
1784015
1784016
1784031
915675
1784050
915697
1784055
915723
1784110
915772
1784115
915793
915797
1784134
1784153
1784191
915881
1784202
1784207
915899
915905
915908
915933
1784286
915997
916009
916010
1784306
916026
916090
916109
916118
916122
1784395
916129
916148
1784413
1784437
916196
916206
916220
916243
1784493
1784525
1784526
916311
916315
916341
916359
916374
1784595
1784612
1784621
1784642
916458
916488
916497
916503
916511
916524
1784715
1784719
1784728
916553
916559
1784755
1784758
916578
1784761
1784773
1784775
1784777
916615
916855
1785230
1785239
1785250
917193
1785265
1785271
917242
1785350
917324
917334
917337
917347
1785376
917355
917416
1785460
913933
914226
1782940
914531
1783147
914946
929422
929425
929432
929454
929456
929457
929473
929477
929480
1795133
1795144
929503
1795149
929537
1795183
929553
1795202
1795206
1795208
1795211
929596
1795227
1795238
1795239
1795248
929640
1795260
929648
1795301
929702
1795310
929728
929745
1795353
929760
1795357
929768
1795384
1795392
1795394
1795404
1795410
1795411
929840
1795421
929844
1795425
929851
929858
1795440
929871
1795451
1795456
929906
1795489
1795492
1795498
1795504
929955
1795509
1795511
1795521
929979
1795533
1795537
1795546
930019
930029
930036
930142
930149
930191
930206
930208
1795714
930210
1795725
1795730
1795732
930262
930273
930284
1795782
930293
1795788
930300
1795794
930312
1795799
930328
1795818
930338
930357
930383
930389
930396
930400
930403
930420
1795890
930435
1795909
930450
1795926
930485
1795947
1795966
930539
930541
930542
930554
930561
930568
930571
930573
930583
930585
1796025
930613
930621
1796053
930648
1796073
930670
930673
1796093
1796100
930695
930699
930706
1796119
1796130
1796132
930728
930765
1796163
930786
930788
1796186
930805
930820
1796213
1796217
930844
1796247
1796254
1796263
930896
1796270
1796273
1796292
930929
930941
930971
930976
1796340
1796343
1796366
931021
1796369
1796372
931029
1796379
1796386
931048
931052
931057
1796398
931069
1796415
1796419
931127
1796467
1796480
931160
931164
1796494
1796496
931189
931198
931199
931248
1796562
931299
931306
931330
1796635
931383
1796661
931401
931407
931408
1796692
1796697
1796701
931436
931452
931466
1796731
1796740
1796742
1796744
931492
1796775
931527
1796796
931552
1796804
931565
1796806
931574
931587
931600
931606
1796841
1796843
931619
1796854
931676
931738
931744
931748
931765
1796965
1796986
931808
931821
931824
931876
931885
931899
1797074
1797075
1797076
931908
1797081
931914
931922
1797100
931938
931952
931955
1797134
1797155
1797159
1797162
1797163
1797164
932015
932016
1797203
1797209
1797236
932145
932273
1797412
932333
1797428
1797441
1797445
1797453
932379
932381
932402
932406
932416
932417
1797510
932452
1797529
932468
932469
1797537
932478
1797545
1797548
1797549
932491
1797558
1797560
932521
932523
932540
932557
932561
932563
932589
1797642
1797643
932621
932631
932640
1797669
1797671
932655
1797683
1797689
1797690
932682
932686
932692
1797710
932696
932707
1797733
932719
1797795
932832
1797844
1797851
932873
1797870
932890
1797968
933013
1797975
933024
933034
933102
1798245
933419
1798299
1798309
933448
1798435
1799383
934970
935049
935052
1799613
935059
935085
935093
935094
1799639
935095
935253
1799786
935305
935308
935315
935316
1799826
935448
1799930
1799959
935501
1800002
935555
1800026
935591
935593
935596
935640
1800077
935668
935677
935679
935680
1800118
935701
1800148
935744
935747
935748
935753
935773
1800186
1800187
935781
1800193
935786
935789
1800201
935804
935814
1800218
935817
935838
1800246
1800250
935860
935866
1800264
935871
935882
1800273
935886
1800279
935891
935905
1800293
1800302
1800320
1800335
935963
1800349
935989
1800363
1800374
1800378
1800385
936028
936042
936044
936048
936067
936078
1800430
1800439
936092
1800448
936102
936105
936109
936110
1800459
1800461
936118
1800462
1800469
936132
1800474
1800490
936155
936157
1800494
1800497
936164
1800517
936199
1800530
936206
936213
1800546
1800559
936268
1800590
936309
936340
1800648
936353
1800653
1800661
1800675
1800676
936394
936399
936401
1800692
936406
936411
936420
1800720
1800723
1800730
936455
1800741
936495
1800764
936498
1800782
1800786
936527
936532
1800796
1800797
1800799
1800801
1800808
936560
1800835
936589
936602
936608
936616
1800893
1800895
936675
936710
936719
1800956
1800962
1800963
936776
936782
1801000
1801012
1801014
936818
1801025
1801040
936847
936866
1801063
936877
936879
936896
1801089
936917
936919
1801108
1801111
937035
937043
937053
1801213
1801214
937058
1801227
937074
1801234
937092
1801264
1801265
937115
937118
937120
937121
937125
937164
937167
937171
937174
1801332
937205
1801339
1801344
1801361
1801371
937255
937275
937276
1801396
937280
1801402
1801405
1801406
937297
937305
1801427
1801437
1801454
937354
937364
937366
937377
1801476
937382
1801486
937399
937407
937409
937417
937439
937449
1801539
1801545
937468
1801547
1801564
937504
937506
937517
937530
937540
1801630
937573
1801636
937581
937591
937611
937618
937623
937632
937647
937649
937653
937660
937668
1801707
1801715
937691
937692
937693
937699
937704
937711
937716
937719
937733
1801759
937737
937738
1801765
1801774
937756
937763
937767
937780
937785
937795
1801844
1802128
938193
938207
938217
938226
1802157
938256
1802188
938267
938281
938313
938344
938345
1802253
1802267
938365
938366
1802288
938401
1802317
1802322
938456
1802356
938476
938482
1802381
938511
938531
938537
938544
1802784
939011
1802788
939014
1802809
1802810
1802817
939056
939069
939070
1802838
939091
1802853
1802860
939107
1802867
1802880
939144
1802901
939164
1802912
939227
1802964
939242
1802985
939271
939300
1803024
1803027
939328
1803043
1803045
939354
1803067
1803073
939368
1803081
939381
1803114
1803116
1803125
1803131
939448
939461
939465
1803159
1803165
939487
939495
939503
1803195
939521
939527
939536
939554
1803223
1803246
1803251
939596
939602
939617
939623
939624
939634
1803292
939646
1803298
939665
1803314
939670
939672
939676
939688
1803328
1803348
939756
1803388
1803391
939786
1803415
939794
939808
1803432
1803436
939823
1803437
939843
939882
939892
939893
1803499
939900
1803517
939943
1803540
1803542
939959
1803562
1803621
1803627
1803628
1803637
940076
940759
1804193
940769
1804199
940775
1804212
940787
1804259
1804260
940867
1804289
940884
1804297
940899
1804307
940919
940921
940924
1804326
1804333
940939
940945
940952
1804355
940998
1804428
941067
1804440
941071
1804455
941090
1804459
941104
941106
1804479
1804483
941140
941207
941224
1804569
1804672
941379
1804692
941390
1804762
941477
941478
941482
941502
1804803
941544
1804823
941547
1804825
941569
941573
941578
941592
1804870
1804875
941614
1804907
941655
941657
1804916
1804920
941686
941696
941707
941709
1804955
941723
1805029
941803
1805044
1805050
1805302
942232
942240
1805378
942254
942302
942345
1805466
942375
1805504
942431
942433
942510
1805601
942523
942524
1805624
942552
1805648
1805651
1805658
942588
942589
1805665
942607
1805676
942625
1805687
942640
1805708
1805710
1805713
1805727
942677
942702
942705
1805867
942874
1805901
1805905
942900
942915
942922
942945
942948
943010
943012
943021
943081
1806052
943150
1806108
1806123
1806139
943186
1806143
943194
943205
943206
943219
1806172
943254
1806198
943270
1806209
943288
1806222
943309
943317
1806263
943348
943349
943355
943359
943361
1806292
1806298
1806306
1806380
943509
943522
1806408
943524
943536
1806431
1806436
1806440
1806456
1806465
943598
943609
943613
943634
943777
1806617
943790
1806626
943796
943816
943849
1806675
943860
1806700
943894
943913
1806770
1806803
944018
944019
1806808
1806825
1806827
944047
1806828
1806835
944060
944142
944147
944158
944161
1806921
944163
944172
944189
1806961
1806968
1806974
1806976
944239
1806983
1806985
1807000
1807008
944272
944285
1807019
1807022
1807025
1807030
944300
1807038
944337
1807064
944341
944345
1807071
1807078
1807096
944383
1807107
944398
1807122
1799254
938552
938553
938554
938772
938962
940665
12411
1056776
12418
1058549
1053002
1058555
1058558
12442
12452
12455
12463
12398
12405
12394
12762
11688
1058836
11693
1058846
12794
10280
12812
12828
12829
12831
12832
12834
12836
1058890
12843
1058892
12845
1058914
1058917
12883
12888
12895
1058931
12908
12911
12921
1051398
1058956
12930
1058960
1051074
1058973
4527
1059090
13104
1059103
13109
1052013
11687
1052184
13155
12033
1058236
12000
13187
13189
13250
1059227
13261
1059228
1059231
13275
1059243
13283
13288
13293
8243
1059269
1059272
13322
1059275
3131
10141
13342
13347
1050972
1059306
13367
13372
1059320
13387
1050956
13410
1059348
13421
1059357
13426
13429
13461
1059396
1059403
13485
13486
13488
1059415
13507
1059426
13508
13511
13516
1059438
13524
13538
1059458
1059462
13553
13557
13561
13572
13577
13597
1059511
1059522
1059527
1059536
13645
13662
1059558
1059563
1059567
8439
1059579
13710
1059590
13873
13882
1059727
1059739
1059777
2986
13974
10909
14000
14002
1059831
1052946
10249
1061344
1061349
1057065
3426
4781
16059
1052571
1052604
1058137
9421
10073
1056896
10546
1056874
1056806
16183
16238
11897
1061677
4898
2980
1057931
1056750
11810
16375
16381
1061732
16391
11898
16434
16449
1053580
11490
1061795
11251
11741
11746
11401
4350
16641
1061945
1061954
16665
1061957
16668
16670
16674
4183
1051943
4717
1061969
4008
9927
16694
1061981
1052097
1061985
4374
4395
4377
1062012
16741
1062019
4333
1056476
1056454
1062051
16782
1062053
1062087
1840932
986512
1840967
986534
986536
986544
986560
1841009
1841017
986596
986597
917688
917692
917695
1785660
1785670
917715
917724
917725
917727
1785692
917747
916664
917800
1785749
1785760
1785763
917828
917845
1785795
1785797
917870
917879
917882
917894
917923
917927
917947
917977
1785900
1785909
918021
918030
1785925
1785926
1785930
918061
918067
918076
918080
918086
1785990
918118
918122
1786002
1786042
918234
1786093
1786104
918260
918261
1786157
918323
918329
918333
918334
918370
1786205
918384
1786237
918439
918440
1786271
918473
1786292
918502
917339
1786311
918511
1786349
918558
1786355
1786366
918587
918596
1786390
1786412
918687
918694
918725
1786509
918767
918771
918790
918806
918809
1786565
1786568
918825
918826
1786586
1786589
1786594
918853
918871
1786611
918901
1786636
1786646
1786651
918929
918947
918962
918970
1786709
919180
919183
919188
919192
1786871
919205
919219
1787074
919453
919505
1784417
1787139
919574
919578
920212
916476
920237
916419
916387
921681
921800
1788994
1788996
1789006
1789015
921876
921925
922523
1789567
922556
1789571
922573
922591
922653
1789648
1789649
1789653
1789656
1789662
1789670
922695
1789755
1789756
1789789
1789791
922865
922871
1789825
1789829
922899
1789855
922933
1789874
1789876
1789881
922979
1789909
922982
922983
922997
1789921
1789923
1789931
923009
923014
1789952
923045
1789966
923058
1789978
923073
1789986
923092
1790006
923124
913904
923135
1790039
1790041
1790052
1790053
923165
1790080
923206
923207
923225
923237
923253
923265
923271
1790146
923286
1790156
923292
923295
1790171
923308
1790178
923318
1790185
923330
1790191
923337
1790199
1790204
923349
923352
923363
1790242
923406
1790251
923407
923411
1790280
923450
923457
1790294
1790302
1790311
923487
923503
1790327
1790335
1790340
923517
923529
1790354
923537
1790357
1790359
1790368
1790382
923574
1790400
1790401
923601
1790414
923611
1790416
1790420
923645
923650
923654
1790456
923673
923675
923676
923686
1790489
923704
923714
1790507
1790509
1790516
1790519
923742
923747
923768
1790548
923804
1790574
1790577
1790578
1790583
923869
923873
923880
923893
923895
1790643
1790669
1790682
923948
1790692
923959
923961
923975
923989
923999
924006
924007
924015
1790748
1790754
1790771
924057
924060
1790782
924087
1790809
924107
1790818
924111
924147
1790853
1790861
1790884
924200
1790895
924213
924218
924221
924224
1790909
1790912
924234
1790923
1790938
1790945
924270
1790968
924304
1790989
924331
1790998
924356
1791014
1791025
1791037
1791039
924397
924399
1791062
924419
1791069
924432
1791078
1791082
924458
924478
924503
924510
924514
924523
924529
924545
924548
1791170
924551
924564
924578
924579
924615
924619
924654
1791264
924694
1791289
1791298
924710
1791313
924744
1791325
924746
1791327
1791334
924764
1791347
1791356
1791369
1791371
924803
924804
1791380
924822
1791389
1791404
1791411
1791418
924860
1791428
1791432
1791473
924927
924929
1791475
1791479
1791490
1791494
924959
924965
1791509
924987
924991
1791527
924994
925018
925038
1791563
1791577
925062
925063
1791583
1791588
1791593
925094
925096
925098
925106
925108
1791631
925128
1791656
1791657
925157
925167
925173
1791672
925180
925207
925217
1791711
925225
925226
925235
1791723
925246
925251
1791738
1791745
1791746
1791755
1791757
925311
925324
1791800
1791833
1791836
925422
925426
1791876
925479
925481
925503
1791936
1791944
1791952
1791963
925561
925567
1791988
925576
925580
925593
1792016
1792018
925630
1792039
925643
1792062
925671
1792084
1792101
925711
925713
925715
925717
925718
1792114
1792117
1792118
925752
1792153
925780
1792166
925799
925802
1792178
925803
1792183
925814
1792191
925819
925824
1792201
925840
925882
1792244
925897
1792256
925906
925927
1792281
1792283
925950
1792301
1792302
925960
925962
925971
1792324
1792345
926020
1792353
926036
1792366
926047
1792376
1792377
926058
926064
926079
1792398
926101
1792427
1792445
926137
926139
1792456
1792465
1792470
1792472
1792502
926220
926226
926229
926230
1792525
926238
926241
917323
1792548
1792556
1792563
926288
926291
926295
926305
1792579
1792581
926333
1792604
926339
1792621
1792643
926388
926404
926405
926408
926409
926428
1792682
926440
926450
926455
926463
1781954
1792714
926473
926500
926512
1792748
1792750
926546
926557
1792783
1792784
1792785
926566
1792791
1792792
926581
926582
1792803
1792810
1792816
926599
1792820
926606
1792830
926621
1792835
926629
926633
1792846
1792847
1792849
1792854
926686
926704
926738
1792930
1792938
926761
926772
926792
1787188
1787255
1787260
1787261
919698
919706
921071
1789199
1789472
1050926
1050980
3033
1051124
1051134
1051141
3200
3269
1051205
3303
1051328
1051332
3457
3520
1051419
3550
3552
3557
3681
3698
1051558
3710
3715
1051580
3739
3754
3763
3765
1051610
1051611
3782
1051627
3792
1051646
1051650
3814
3828
1051665
3837
1051684
1051688
1051701
3878
1051708
3907
1051737
1051738
3941
3971
3974
3982
3991
1051798
4016
1051816
1051832
4057
4068
4071
4079
4102
1051920
4199
4206
1051971
4218
1051973
4222
4234
4249
4256
1052017
4293
4298
1052040
1052072
4385
1052106
4389
4407
4412
1052139
4447
1052179
4493
4506
4512
1052207
4541
4544
4545
4552
1052257
4576
4577
4588
4597
1052274
4606
4610
1052289
1052303
4649
4652
4653
4656
1052330
1052341
1052356
4702
4704
4709
1052367
1052375
1052392
1052395
4754
4756
4775
4790
4816
1052456
1052473
4841
1052484
1052486
4878
1052502
1052505
4891
1052520
1052527
4911
1052531
4925
1052541
4940
1052563
4989
4991
4994
1052594
4997
5014
5028
1052640
1052654
1052680
1052682
5119
5122
5124
1052697
5147
1052722
5163
1052727
1052736
1052741
1052758
5212
5222
5227
1052783
5251
1052796
1052813
5274
5277
5290
1052830
1052836
1052855
1052859
1052860
1052862
5343
1052880
1052886
5369
1052897
1052900
5386
1052909
1052910
1052911
5396
5401
1052919
1052927
1052951
5446
5452
5455
5471
5470
5472
5481
1052987
1052990
1052999
1053001
1053012
9695
9768
1056436
9793
9801
9803
9817
9858
9885
9895
9900
9901
9903
1056545
1056554
9963
9964
1056589
9969
1056607
10005
1056634
10032
1056643
10046
1056659
10082
10091
10120
10143
1056762
10210
10225
10271
1056875
1056878
10342
1056879
1056888
1056889
1056918
10415
1056936
1056947
10441
10442
1056956
10452
1056969
10493
10506
10512
1057017
1057024
1057028
1057031
10570
10584
10600
10602
10604
1057107
10636
10638
1057122
10643
10649
10653
1057133
10670
10673
1057149
1057161
1057176
10726
1057194
1057205
10744
10747
1057220
10763
1057234
10783
10799
1057251
1057254
1057283
10854
1057295
1057298
10862
10865
10869
10893
10901
1056696
10933
1057356
1057360
1057382
10989
11004
1057412
11033
11038
1057446
11053
1057469
1057472
11093
11098
11112
11117
11120
1057529
11151
11155
1057537
1057539
11168
11192
1057565
11208
1057580
11213
1057593
11235
11254
11263
1057625
1057626
1057638
11299
11311
11320
1057689
11362
1057706
11391
11409
11414
11425
11426
1057762
11445
1057774
11457
11472
11496
11499
1057825
11521
11526
1057840
11537
11541
1057859
1057863
1057864
11617
11636
11654
11657
11679
1057958
11690
11691
1057967
11708
11722
11727
11733
11738
11739
1058026
1058035
11782
11784
11794
11817
11832
1058089
1058096
11860
1058101
11873
11880
11889
11891
1058124
1058126
1058131
1058148
11965
11968
1058191
11996
12001
1058221
12017
1058245
12065
12084
12395
2902
1053017
6225
6231
1054576
7490
8352
9618
9621
926797
1792978
926805
1792984
926816
926822
926825
926833
926847
926849
926895
926913
926928
1793102
926976
1793129
1793143
927012
927030
1793164
1793185
927064
1793193
1793196
1793218
927101
1793223
1793227
927115
927117
1793234
927131
927164
927177
1793283
1793284
1793290
927198
1793302
1793326
927241
1793332
927250
927253
1793347
927274
927275
1793381
927306
927308
1793389
1793394
927321
1793396
913239
927334
1793413
1793416
1793417
927354
927366
927393
927392
927398
927405
1793467
1793468
927414
927416
927436
927444
1793497
1793498
1793519
1793525
927486
927488
1793530
927491
1793541
1793560
927537
927543
1793578
927566
927573
927586
927603
927606
927622
1793641
1793648
927641
1793664
927668
1793675
1793681
927679
1793686
927688
927699
927704
927705
1793708
1793713
927733
1793730
1793731
927739
927740
927746
927758
927764
1793752
927773
1793762
1793765
927788
1793778
927808
927819
927821
1793800
927828
1793812
1793827
927862
1793830
1793833
927869
1793836
927875
927877
927889
927918
1793876
927929
1793896
927949
1793908
1793918
1793938
928003
928012
1793959
928024
928030
928046
928047
928062
928064
928069
928081
928086
928090
928097
928113
928133
1794051
928146
1794064
928173
928183
928186
928187
1794095
1794103
1794109
928214
928224
928232
1794130
1794139
1794141
1794145
928264
1794158
928280
928282
928306
1794206
928332
928338
1794212
928349
928362
1794232
1794239
1794252
928407
928410
1794277
1794285
928442
928443
1794310
928500
1794348
928512
928514
1794355
1794362
928526
1794374
1794380
1794387
928575
1794423
928606
1794429
1794445
1794449
1794451
1794456
928647
928655
1794467
1794468
928661
1794476
928672
1794500
928711
1794517
1794523
1794527
928746
1794549
1794550
928767
928770
928778
1794582
928808
1794593
928815
1794605
928842
928848
1794628
1794650
928885
1794668
928908
928916
1794677
928917
928925
1794686
928936
928944
1794702
1794713
1794729
929003
929012
929026
929038
1794780
929056
929059
929061
1794794
929085
929090
1794816
1794821
929100
929105
929111
929145
1794862
929152
929162
929164
1794888
929181
1794898
929198
1794909
1794911
929223
929228
1794946
929264
929289
1794985
1794993
929311
929316
929325
929338
1795026
929355
1795044
929390
1795060
929399
929405
929414
1781727
1781772
912868
912903
1781816
912938
912947
1781842
1781857
912974
1781861
1781862
912982
912993
1781889
913021
1781899
913031
913034
913039
913049
913055
1781929
1781938
913081
1781949
1781951
1781970
913116
913118
1781978
1781988
1781989
913137
913139
1782017
913174
1782026
1782041
1782055
1782057
913231
913232
913233
1782078
1782104
913305
1782134
913311
913312
913324
1782152
1782168
913362
1782187
913378
913379
1782197
913388
913394
913407
913418
913425
913432
913435
913450
913508
913522
913523
1782308
913528
913538
913544
1782325
1782328
1782335
913581
913584
913597
913601
913625
913648
1782415
913665
1782430
913903
915213
915361
915391
915399
915407
1783852
915469
1783867
1783877
1783894
915504
1783904
1783927
915546
915549
915569
1783955
915586
915627
915638
915641
915647
915655
1784033
1784035
915693
1784053
1784060
915711
915795
1784140
915813
915814
915817
915819
915830
915831
915842
915869
915887
1784206
1784209
915907
915909
1784233
1784244
915952
915959
915960
1784268
916029
916032
916078
1784364
916097
916124
916130
916138
916139
1784414
916153
916158
916169
916185
916191
916223
1784486
916295
916316
916321
1784559
916348
916356
1784589
916400
1784623
1784630
916423
1784638
916430
1784665
916473
916501
1784699
916508
916512
1784712
1784724
916550
1784734
1784744
916569
916570
916576
916589
916623
916626
1784809
917069
917106
1785186
1785252
917331
1785366
917342
1785384
1785386
1785427
917452
914180
1782840
914237
914272
1782920
1783152
914599
1783469
1795087
1795093
1795095
1795099
1795118
1795123
1795136
1795146
929516
929524
929527
1795167
929545
929548
1795186
1795205
1795216
929594
1795249
1795251
1795252
1795267
929659
929660
1795285
929686
929696
929713
929714
1795323
929730
1795338
1795348
929761
1795355
1795368
1795385
929815
929827
929837
929859
929867
929869
1795449
929885
929894
1795466
1795467
1795473
929913
929919
929930
929935
1795501
929949
1795508
929959
1795519
1795539
1795552
1795554
1795558
1795569
930033
1795678
1795690
1795692
930180
1795697
1795703
930196
930214
1795723
1795728
930236
1795746
930254
1795752
1795768
1795792
1795806
930330
1795823
930349
1795835
930362
1795841
930378
1795849
1795854
1795865
1795867
930407
930412
930417
930428
1795900
1795902
930449
1795919
930469
1795937
1795941
930524
930540
1795985
1795991
930567
1796015
1796032
1796055
930632
930645
930659
1796080
1796083
1796086
930680
1796096
930682
930686
930711
930719
930720
1796133
1796134
930736
930746
1796156
930760
1796161
1796165
930771
1796171
930782
1796187
1796192
930804
1796203
930822
930824
1796211
1796212
1796224
930849
1796238
1796246
930880
1796264
930897
1796282
1796283
930925
1796298
1796300
930967
930983
1796347
1796350
1796352
931008
1796364
931015
931023
931025
1796376
931039
931043
931050
1796397
931073
931077
1796417
1796418
931089
1796428
931153
931154
931157
931162
931172
931174
1796491
1796499
1796504
1796515
931206
1796541
1796553
1796597
1796608
1796610
931325
1796631
931388
931424
931430
931445
931473
931478
1796747
1796752
931526
931555
931556
1796800
1796802
931583
1796821
1796826
1796828
1796829
931605
931611
1796917
931709
931726
1796950
931749
931757
1796966
931770
931773
931782
1796981
931789
1796994
1796999
931812
931822
931829
931886
931888
1797082
931913
1797085
1797088
1797094
931928
1797098
1797099
1797102
1797128
931968
931977
931978
932000
932014
1797211
1797413
932324
932326
932332
1797422
1797430
1797435
932353
1797449
1797469
1797473
1797475
1797485
932415
932420
932427
1797496
932432
932439
1797508
932446
932458
1797522
1797527
932471
932480
932487
932509
1797568
932529
932547
932570
1797615
1797626
932596
932601
1797645
1797647
1797656
1797698
1797700
932685
1797713
1797724
932720
932727
932762
932767
1797774
1797847
1797855
932883
1797865
932897
932898
932899
933113
1798246
1798258
933374
1798297
1798308
1798313
933442
1798352
933495
1798394
1798442
1798452
934802
934843
1799463
1799633
935096
935099
1799646
935242
1799759
935251
935256
935267
1799785
935292
1799811
1799822
1799927
935452
935454
1799931
1799942
935478
1799951
935488
1799955
935498
935503
1799970
1799991
1800000
1800016
1800018
1800031
1800040
1800041
935597
935601
1800054
935617
935622
1800062
935625
935626
935636
1800095
935684
935685
1800128
1800138
935749
935761
1800177
1800184
1800185
935778
1800194
935811
935819
935824
935862
1800270
935903
935904
1800297
1800299
1800300
1800304
935933
935957
935962
935983
1800358
1800360
935994
1800366
1800368
1800377
1800428
1800441
936124
936125
936136
1800477
1800504
1800507
936173
936178
1800524
936200
1800529
1800531
936225
1800549
936235
1800567
1800583
936277
936279
936289
936294
936296
936302
1800611
936342
1800649
936356
1800656
936361
936362
936370
936386
1800688
936402
936408
936409
936410
936419
936422
936428
936431
936464
1800745
936504
936518
1800790
1800792
936535
936540
1800809
1800816
1800818
1800819
1800821
1800823
936572
936578
936587
1800849
936607
936610
1800870
936634
936635
936638
1800885
936652
936656
936658
1800905
936689
936696
936737
936783
1800996
936789
936805
936820
1801026
936827
936828
1801041
1801042
1801055
1801056
1801066
936873
1801069
936878
1801078
1801094
1801104
936932
936936
936937
936942
1801123
1801140
936981
936982
936986
936987
936992
1801168
937000
1801173
1801184
1801185
937033
937042
1801209
937048
1801222
937072
1801245
937104
1801255
1801268
1801270
937141
937157
937168
1801308
937179
1801322
1801343
937216
937221
937232
937237
937241
937243
937245
937247
1801385
937282
937293
937338
937344
937347
1801450
937350
937351
937356
1801470
1801471
937376
937379
937381
1801508
1801512
937426
1801520
937436
937448
1801531
937451
937453
937459
937460
1801550
1801555
937486
1801571
937507
1801590
1801594
1801600
1801601
937575
937598
937602
937637
1801692
1801704
1801705
937666
1801706
1801718
1801726
1801731
1801733
937707
937713
1801749
937728
1801770
1801787
937768
937784
937786
1801804
937817
1801828
937827
937838
937845
937846
1802108
938171
1802116
938190
938192
938221
1802160
938265
1802194
938288
938289
938302
1802216
938308
1802223
938331
938350
1802259
1802273
1802276
938379
1802284
1802289
1802294
938404
1802300
938405
938407
1802309
1802336
1802346
1802373
938503
1802382
1802388
938517
938521
1802397
938543
1802411
1802774
939001
939012
939023
939024
939025
939027
1802798
939041
939042
939052
1802842
939086
1802848
939090
939111
939119
1802872
1802888
939149
939175
939176
939196
1802935
939204
1802946
939247
1802977
939250
939259
1802998
1803005
939304
939310
1803030
939321
1803036
1803041
939337
939341
939346
1803070
939366
939376
939385
1803090
1803092
939397
939431
939434
939437
939439
1803132
939446
939454
939483
1803168
939505
1803190
939524
1803205
939534
1803221
939555
1803249
939593
1803264
1803265
1803269
1803279
1803281
939647
1803305
939661
1803322
1803326
939686
1803329
1803337
1803341
1803342
939705
939708
939709
939720
939733
939741
939750
939752
939766
1803395
1803398
939775
939780
1803409
1803417
939806
939813
939822
1803438
1803443
1803445
1803447
1803460
1803467
939865
1803472
939869
939872
1803477
1803480
1803481
1803489
939886
1803494
939896
939909
1803508
939925
939927
939930
939956
939969
940032
1803614
940047
940049
940058
940061
940063
1803638
1803644
1803652
940750
940756
940758
940762
1804262
940895
1804304
940904
1804321
940922
940926
940927
940940
1804338
940944
940946
1804349
1804356
940975
1804370
940996
941002
941033
941072
941073
941076
941079
941083
941086
1804466
941105
941110
1804474
1804477
1804482
1804490
1804540
1804552
941222
1804690
1804695
1804696
941461
1804758
941467
941468
1804765
1804778
941489
1804792
941520
1804805
941535
941541
1804838
941565
1804842
1804851
1804866
1804898
941641
941663
941666
941673
1804927
941692
1804946
941719
941721
941730
1804972
1804975
941738
941739
1804977
1804980
1804982
941804
1805031
1805032
1805042
1805049
1805052
941945
941956
942134
942138
942141
942245
942253
942304
1805462
942357
1805515
942408
942430
1805609
942540
1805620
942545
1805626
1805642
942569
1805645
942584
1805656
942613
942618
1805684
942624
942634
1805694
942648
942662
942668
942671
1805752
942707
942878
942897
942901
942903
1805911
1805920
1805923
942924
942935
942936
942939
1805946
942997
1805990
943023
943028
943034
943086
943094
1806078
1806087
1806098
943155
943157
1806121
1806162
1806166
943222
1806169
943243
943248
943251
943258
943261
1806203
1806204
1806207
943275
943291
1806225
1806229
943306
943313
1806281
943382
1806296
943396
943485
1806383
1806393
1806397
1806409
943542
1806439
943565
943593
943602
1806481
1806483
943622
943626
1806493
1806497
1806499
943636
1806517
943720
943772
943786
943791
943793
943856
1806683
943880
1806696
943882
1806705
1806715
943918
1806742
944026
1806815
944038
1806833
1806903
944154
944238
1806987
1807024
1807033
944306
944311
944314
944364
944377
938557
938655
1802595
1804117
1058545
1058550
1058559
1058561
12458
12464
1058584
1058588
1058590
12473
12723
12724
12725
12726
12734
1051402
1057962
12778
1058852
1058865
12830
5890
1058884
12839
10409
3197
12863
1058921
12884
12886
3133
12915
1058949
12932
12950
1058979
1059089
1059092
13099
4310
5854
1052003
1051060
1059142
1058234
11970
2957
13175
9882
13200
10231
13218
1059202
13235
1056809
13270
13274
10234
1059250
13297
13307
13314
10236
1059290
1059296
1059303
10290
2976
1059305
13356
1059321
13378
1059327
13393
1059335
1059360
13430
13452
1059398
1059400
13481
13487
1059408
1059411
13493
13523
10308
13526
1059444
13532
1059454
13543
13548
13556
1059465
10874
13558
1059467
13570
13590
13592
13598
13601
13606
1059508
3170
1059513
13622
3367
13626
13647
3160
13659
13665
1059554
1059560
1059566
1059573
1059582
1059589
13712
13717
13718
1059726
1058233
10239
11697
1050911
13911
12074
13991
1059818
1059819
1059821
14007
14008
14012
2959
14022
1050951
1059844
11875
14032
1059847
14035
11858
1056459
10814
10806
6228
1052913
1061491
16093
1056953
11042
1057876
16097
1061509
2982
16171
1056161
16190
16237
1061689
16345
1061698
1052534
16362
16363
1061715
1061716
1061719
1061722
1058059
11824
16386
11773
1061786
1061794
1057585
16468
16472
1051252
1061937
16642
16647
1051940
1061950
16660
16666
1061964
1061966
16683
3687
16690
1061980
16701
1061986
16705
1061991
16711
1061996
1062005
1056462
1056430
1051850
1051643
1051649
1056685
1840942
986522
986527
986530
1840973
986539
1840979
986543
1840987
986562
986590
1841020
1841021
917686
1785656
1785661
917704
917739
917778
1785726
917785
917793
1785766
917832
917835
1785774
1785781
917854
1785807
917888
917891
917893
917904
917937
917996
918001
1785906
1785920
1785957
1785981
1785988
918111
918130
1786021
918160
1786034
918191
1786057
1786073
918245
918248
1786139
918302
1786148
918305
918317
1786164
918328
1786184
918356
1786193
1786196
1786219
918405
918410
1786235
918421
918422
918443
918458
1786276
918464
1786291
918481
918495
918505
1786320
1786364
918575
918578
1786369
918619
916167
918667
1786444
918707
1786490
918769
918786
1786541
918791
1786546
1786552
918818
918824
1786574
918837
917456
918848
1786592
1786596
1786602
1786609
918879
917042
918904
1786643
918919
918927
916019
1786675
918963
1786868
919203
1786884
1786885
1786886
1786888
919222
919223
919350
1787018
1787033
919407
1787039
919408
1787041
919491
919508
1787134
917228
1787171
1787669
1787681
920207
920211
916436
1787716
1784631
1787876
921633
1788846
921671
921687
1788964
1788967
1788974
1788978
921825
921837
921845
921855
1789007
921863
921870
921872
1789021
1789536
922549
1789568
922582
922589
922647
1789652
922676
922684
1789671
922691
922697
1789681
1789684
1789685
1789742
922772
922773
922774
1789746
1789752
922790
922805
1789774
1789782
922828
922832
1789795
922842
1789799
1789805
1789813
1789817
922875
922883
1789841
1789843
922904
1789849
922925
1789865
922927
1789872
1789884
922964
922972
922996
923001
1789924
1789928
923038
923051
1789968
1789974
923068
923087
913905
923097
1790014
1790018
923118
923120
913906
1790028
923134
923140
1790038
1790042
1790054
923179
923194
923215
923219
1790104
923230
1790109
923239
1790128
923257
1790134
1790135
1790143
923307
1790180
923319
923327
923333
923341
923343
1790218
923369
1790222
1790234
923408
923415
1790264
923430
1784708
923458
923466
1790305
923489
923515
923527
923540
1790360
1790365
923554
923557
1790378
1790384
923579
1790394
923597
923598
1790408
923605
923613
1790418
1790419
1790422
923630
1790445
1790458
923668
923672
1790477
1790480
923695
1790487
923723
1790515
1790530
923753
923760
923765
1790547
1790549
923798
923819
1790588
923823
923835
1790597
923839
923848
923849
1790614
1790620
1790622
923870
923905
1790654
923918
923944
923950
923958
1790697
923970
924000
924001
924022
924027
1790757
1790758
924040
1790777
924066
924071
924076
1790798
924098
924112
924116
1790823
924120
1790831
924138
924156
924164
1790873
924191
1790885
924197
924203
1790893
1790898
1790915
1790917
924243
924255
1790949
924275
924301
1790990
1790995
1790996
1791024
924368
1791036
924385
1791046
924413
924449
924452
1791097
924462
1791103
1791105
924486
1791123
924492
924497
924501
924526
924527
1791152
924528
924544
924547
1791171
924556
924558
1791192
1791206
924600
924601
1791217
924622
1791233
1791234
1791242
924643
1791247
924650
1791256
924685
1791281
1791286
924698
924701
1791299
924715
924719
924722
1791310
1791311
924728
924753
924763
924768
1791346
1791350
924777
924792
1791365
1791385
1791387
924827
1791392
1791394
924846
924850
1791412
924865
1791424
924867
1791426
924873
924883
1791446
924895
1791467
924928
924930
924931
924947
1791491
924957
1791498
1791505
1791506
924966
1791520
925020
1791550
1791566
925045
925046
925047
1791570
925061
925066
925072
1791592
1791601
925091
1791627
925122
925136
1791666
1791669
925178
1791679
925187
1791683
1791703
925216
1791719
1791743
925263
925265
1791748
1791749
1791753
925282
1791776
925341
1791814
925356
1791818
1791820
1791832
1791838
1791848
1791855
925411
925412
1791870
1791881
1791882
925467
925474
1791929
925499
925514
1791948
1791950
1791955
925556
1791981
925565
925574
1791997
925592
925594
925607
925613
1792030
925624
925658
925664
925666
1792067
1792081
925697
1792095
925701
1792112
1792124
925743
925767
1792160
925786
925844
925858
1792228
1792230
925876
1792238
1792273
1792282
1792294
925954
925965
1792319
925984
925989
1792334
926004
926006
1792338
926008
1792340
926011
926019
1792351
1792354
1792363
1792367
926069
926094
1792412
1792417
926103
1792428
1792432
1792437
1792444
1792447
1792449
1792492
926209
1792512
1792517
1792518
1792523
1792528
1792529
1792533
926245
926246
926252
926263
1792551
926277
1792582
1792584
926319
1792594
926330
1792611
926344
1792614
926349
1792620
926357
926359
1792625
1792632
1792635
926379
926397
926400
926406
926417
1792671
1792693
926449
926464
1792717
926493
1792739
926523
926535
926538
1792769
1792780
926556
926558
926568
1792800
926589
926590
926598
1792824
926614
1792842
1792845
926639
926646
926663
1792876
1792878
1792887
1792908
1792909
1792910
926721
926734
913135
926746
926749
926756
926759
926762
926773
926777
1792962
1792964
1792968
926789
1787265
919694
1787300
1788375
921551
2931
2983
1050978
1050991
3003
3078
1051055
1051056
1051171
1051255
1051292
1051329
3422
3425
3477
3493
3532
3536
3540
1051439
3577
3586
3585
3624
3629
1051547
3689
3696
1051554
3700
3709
1051581
1051596
1051597
1051607
1051614
3773
1051619
1051623
3798
3803
1051648
3851
1051681
3855
3856
3874
1051710
3902
3904
3917
3924
1051746
3934
3939
3943
1051767
1051770
3962
1051777
3985
3993
1051796
4005
4074
4104
1051883
1051886
4115
4119
4130
1051899
1051911
1051947
4193
1051954
4209
1051964
1051970
4224
4245
4248
1051996
4257
1052005
4274
4314
1052060
1052077
4345
4387
4394
4404
1052120
1052124
1052135
1052148
4440
1052158
4451
4471
4480
1052189
1052194
1052233
1052236
1052244
4572
1052258
4593
4620
4631
4644
1052321
4663
4671
4679
4701
1052368
1052371
1052372
1052381
4752
1052419
4793
1052436
4820
1052467
4838
4847
4868
4872
4884
1052519
4907
4917
4919
1052552
1052564
4961
4972
4974
4980
1052583
4981
1052586
1052588
5010
5012
1052629
1052631
1052633
5065
1052652
1052656
1052673
5097
5099
1052684
5113
5118
5121
1052701
5135
1052705
5137
1052709
5153
1052721
1052724
5172
5173
1052739
1052769
5217
5252
1052798
5264
1052804
1052807
5268
5291
5295
5304
5308
1052854
1052867
5342
1052872
1052873
5350
5351
1052887
5381
5383
1052907
5397
5422
5425
1052947
1052992
5499
9756
1056440
1056444
1056460
9818
1056481
1056485
1056497
9869
1056517
1056523
9898
1056535
1056543
9916
1056558
9935
1056576
1056582
1056596
1056601
1056635
10041
1056655
10053
10054
1056666
1056689
10126
1056728
1056730
10150
10152
1056759
1056763
10188
10211
1056802
1056810
1056824
1056826
10282
10310
10321
10346
1056882
10353
10362
10377
1056914
10414
10420
10438
10440
10456
10460
10462
1056977
10467
10468
1056991
10482
1056999
10499
1057008
10507
1057042
1057046
1057064
1057073
10583
10592
10601
1057093
10640
10648
1057127
1057130
10661
1057145
1057163
10713
1057181
10723
1057191
1057197
10735
10750
1057210
1057216
10760
10782
10788
1057241
10789
10792
1057263
1057264
10847
1057293
1057303
1057305
10878
10885
1057324
10916
10957
10969
10976
10992
10994
1057414
11010
1057434
11041
11048
11056
11057
11059
11062
1057463
11065
11067
11092
11108
1057515
1057516
1057535
11175
11178
11186
11193
1057564
1057574
11216
11220
11241
1057604
1057621
1057634
11291
1057642
11298
1057649
11302
11304
11324
11337
1057682
1057694
1057696
1057698
11374
11382
1057721
11406
11416
11419
11423
1057749
1057760
11444
1057770
1057777
11487
1057804
1057816
11514
11518
11522
11553
1057854
1057871
11577
1057884
11606
11612
11618
1057908
11635
1057923
11646
11659
11664
11667
1057951
11703
11735
1058028
11778
11785
1058045
1058062
1058067
11829
11835
11838
1058083
11866
11884
1058135
11912
1058151
1058153
1058186
11980
1058197
1058199
1058204
11994
1058219
12012
1058229
12026
12039
12046
1058265
1058469
12382
12383
1050898
5531
1054446
8283
1055287
926799
1792979
1793004
926843
926844
926858
1793029
926867
1793044
926886
1793047
926900
1793059
1793062
1793076
1793092
926946
926955
1793105
1793112
1793113
926971
926975
926986
927005
927013
1793170
927066
927073
927074
1793201
927083
927098
1793228
927123
927136
927137
927141
927153
927156
1793286
1793289
1793297
1793300
927208
1793307
927219
927228
927234
1793328
927240
927246
927247
927254
1793344
1793346
927280
927287
1793371
927293
927297
927358
1793431
927376
1793450
1793454
1793459
927408
927410
1793465
927431
927440
927442
927446
927457
927463
927472
927478
1793523
1793526
927493
1793538
927501
1793547
1793550
927528
927531
927541
1793583
927588
1793626
1793643
1793644
927634
927675
927678
927683
927685
927709
927742
1793746
927770
927796
1793793
1793797
927823
927832
927837
927848
927861
927863
927867
1793839
927893
927906
1793865
927909
927926
927936
1793895
927947
927955
1793927
927984
927989
1793939
927999
928007
928017
1793955
928023
928027
928034
1793972
1793973
928042
1793980
928059
1793992
928072
928076
1794004
928083
1794017
1794019
1794027
928112
928120
928132
928135
1794052
928141
928144
928148
1794070
928162
928168
928177
1794101
1794106
928217
1794117
1794122
928250
928257
1794148
1794150
1794156
928279
928287
1794183
928317
928323
928325
1794210
928347
928351
928358
928371
1794245
1794254
1794266
928428
1794293
928444
1794300
928451
928468
1794318
928509
928523
928525
928527
928551
928557
1794411
928591
1794420
928607
1794428
928611
928616
928618
1794439
1794461
928657
928679
928685
928691
1794501
928705
928716
928717
928738
928741
928743
1794537
928755
928759
928774
928785
1794576
928797
1794584
1794587
928807
1794589
1794606
1794608
1794610
928832
928834
928836
928838
1794619
928850
928853
1794627
928863
928867
928868
928873
928882
1794660
1794681
1794682
928946
928967
928980
928984
928991
928994
1794741
929031
1794778
929044
1794785
929070
1794803
1794805
1794808
1794811
929088
929094
1794819
929097
929104
1794844
1794854
1794858
929154
1794868
1794877
1794878
929172
929196
929199
929202
929225
1794930
929249
1794960
1794961
1794965
1794995
1795000
929319
1795003
929336
929344
1795030
929364
929377
1795048
929388
929393
1781725
912831
912839
1781766
912860
1781774
1781776
1781781
912877
912905
1781825
1781826
1781835
1781838
1781843
912972
1781865
912998
1781880
1781890
913017
1781897
913028
913037
913043
913052
913053
913057
913067
1781936
1781940
1781943
913105
1781980
913161
913166
913194
913204
913219
1782070
913235
913274
913278
913303
913328
913335
1782190
913384
1782209
1782211
1782212
1782214
1782224
1782232
913441
913445
1782254
913464
913482
1782272
913498
913509
913521
913526
913533
1782317
913561
913567
1782346
1782357
1782360
1782361
913624
1782389
913636
913643
913661
913663
913667
1782422
1782424
915200
915363
915389
1783824
915438
915456
915475
915508
1783918
1783925
1783941
1783948
915614
915618
1783985
1783986
915628
915657
915669
1784032
915684
1784047
1784054
1784061
915714
1784090
1784092
1784132
1784142
915822
915843
1784186
915868
915871
915877
915883
915891
1784210
915898
1784222
1784223
915920
915930
1784237
1784250
915948
915958
1784264
1784270
1784273
1784278
1784295
1784307
1784323
916085
1784362
916106
916114
1784388
1784402
1784406
916150
1784415
1784420
916179
916200
916204
916224
1784476
916235
1784490
916329
1784576
1784587
1784618
916420
1784637
1784648
916477
916482
1784697
916504
1784706
916520
916536
1784732
916567
1784751
916590
916592
916596
1784776
916603
1784790
1784811
916891
917003
917073
917163
1785234
1785235
917171
1785242
917187
1785371
917360
914224
1782936
914569
914605
1783178
914962
914968
1795083
1795089
929434
929438
1795101
929444
929448
929452
1795109
929493
929508
1795155
929515
929517
929539
1795180
1795189
929564
929577
1795242
929633
929649
1795276
929676
929688
929700
929703
929716
929721
929741
929749
929756
929790
929791
1795380
929800
929822
1795406
1795429
1795441
929872
929874
1795452
929890
929892
929893
929908
929914
929920
1795484
1795485
1795491
1795503
929976
929985
1795536
929987
929992
929998
1795547
930013
1795563
1795576
930147
930183
930184
1795708
1795709
930204
1795719
1795721
930221
1795729
930228
1795738
930252
1795762
1795775
1795779
1795781
930305
930306
1795801
930331
930337
1795819
930358
1795837
930374
930376
930388
930395
930401
1795888
930427
930431
930444
1795923
930477
930486
1795942
1795948
1795952
1795957
930516
1795971
1795979
930584
1796022
930592
1796029
930604
1796037
1796039
930616
930629
1796061
930639
930644
1796066
1796072
930664
930669
1796095
1796103
930703
1796127
930726
1796136
930735
1796141
1796144
1796151
1796177
1796179
1796197
1796206
930843
930864
930865
930871
1796261
930895
930901
1796277
930912
1796281
930914
930916
1796287
930922
930955
930958
1796333
931001
931016
1796371
1796381
1796383
931049
931058
931059
1796401
931066
931071
1796432
1796434
931123
1796454
1796458
931134
931137
1796464
1796473
1796475
931155
1796487
1796488
1796495
931181
931191
931192
1796506
931216
931225
1796534
931256
1796567
1796568
1796580
931319
1796609
931329
931346
931372
931379
931389
931403
1796690
1796696
931443
931486
1796750
931499
931504
1796776
931534
931549
1796805
1796807
931575
1796813
1796814
1796817
931593
1796835
931617
931626
1796894
931711
1796925
1796936
931734
931736
1796948
1796979
1796996
1797002
1797009
1797011
931859
1797049
931917
931937
931946
1797118
931959
1797136
932008
932012
932036
1797182
932037
1797183
932067
1797362
1797425
1797426
1797436
1797442
932368
932382
1797467
932389
932397
932407
932409
1797502
932437
932444
1797512
1797524
932465
932477
932493
932497
1797555
1797570
1797593
932568
932574
932576
932583
932591
1797630
932602
932620
932623
1797658
932627
932633
932654
1797693
932674
932675
1797726
932724
1797794
932824
1797831
932843
932874
1797856
1797868
932895
1797958
933010
1797967
933033
933035
933157
933372
933420
933423
933441
1798318
1798359
1798433
1798434
933613
1799623
1799626
1799637
935100
935109
935243
935266
935270
935326
1799830
935442
935444
935456
935461
1799940
935472
935482
935495
1799963
935512
1799976
1799979
935520
1799982
935540
1800019
1800032
1800034
1800038
935595
1800042
1800064
1800065
1800074
1800088
935659
1800094
935665
1800107
935681
935699
1800129
1800134
1800139
1800141
935721
1800180
935772
1800188
935788
935790
935799
1800207
1800213
935825
935832
1800238
1800252
935880
1800274
1800277
935899
935902
1800291
935907
935916
1800307
1800310
935934
1800315
935969
1800353
1800356
1800365
936005
1800389
936040
936050
1800418
1800424
936082
1800436
936088
936111
1800456
936114
936122
936153
936156
936160
936167
936171
936180
1800525
1800528
1800532
1800539
936216
1800545
936230
936231
1800560
1800564
1800575
1800579
936266
1800588
1800595
936285
936288
936298
1800615
936314
936329
936339
1800642
936347
1800664
936374
936388
936392
1800684
1800698
1800705
936435
1800726
936449
936467
936476
1800766
936501
1800771
1800776
936512
1800779
936529
936537
936567
1800837
936584
936586
1800842
1800856
1800857
1800878
936636
936641
1800887
936655
1800897
1800898
1800900
936668
936690
936700
936709
936730
936744
1800967
936751
1800971
936753
1800992
936786
936808
936825
1801036
1801052
936860
936868
936871
936876
1801075
1801084
936895
1801087
1801092
936907
936908
1801098
936922
1801120
936940
1801132
936977
936983
937020
937022
937021
1801208
1801210
1801215
1801230
937090
1801263
1801266
1801287
1801288
1801294
937163
937210
937226
1801359
1801392
1801410
937319
937322
937332
937333
1801441
937340
1801446
1801455
1801456
937365
1801464
937371
937374
1801478
937386
937397
1801501
1801506
1801513
937430
1801525
1801529
1801535
1801549
937475
1801554
937481
937487
937505
937508
937522
937534
937541
937543
1801631
1801633
1801637
1801654
937609
1801664
1801666
937617
937636
1801681
1801696
937663
1801720
937687
937689
937700
1801744
937714
937715
1801753
937729
1801799
937799
937819
1801830
937823
937824
937826
1801841
937839
1802101
1802115
938182
1802131
1802142
1802155
938239
1802198
938314
938341
938351
1802264
938364
938369
1802291
1802297
1802304
938419
1802312
938433
938437
938439
938448
1802340
1802341
938458
1802350
1802351
938469
1802363
938496
1802374
938501
1802385
938512
938535
1802780
1802791
1802802
1802804
939035
1802806
939054
939058
939062
939065
939066
939067
939082
939094
1802857
1802858
939103
939110
939138
1802898
939155
939156
939170
939177
1802920
939193
939200
1802938
1802943
1802971
939241
939272
939273
1803000
939280
939288
939289
939299
939307
939309
939323
1803039
1803048
939345
939347
939367
939373
1803101
1803102
1803108
1803135
939450
939462
1803150
1803155
939479
939480
1803169
939499
939500
939502
939506
939514
1803196
939528
939537
1803211
939591
1803258
939605
1803280
939628
1803287
939656
939659
1803309
1803310
939667
939673
939678
1803331
1803332
939695
939698
939702
1803343
1803346
1803360
939763
1803392
939782
1803418
1803421
939812
939835
1803458
1803463
939859
939864
939873
939884
939888
939931
939934
1803527
939937
1803531
1803538
939950
1803550
939971
940035
940041
1803612
940048
940052
940057
940069
940070
1803640
1803645
1803654
940753
1804186
940782
940789
940804
1804226
940806
1804256
1804261
1804276
940865
1804277
940869
1804282
1804288
940885
940888
1804303
940900
940903
940906
1804315
1804318
1804319
1804325
1804331
1804335
1804353
1804358
1804364
940980
1804382
1804392
941007
941009
941012
941042
941065
1804476
941121
941126
1804760
941471
941480
941484
1804782
1804785
941509
1804797
941516
941533
941532
1804821
941552
941563
1804857
941593
941600
941606
1804915
941665
1804926
1804936
1804938
941701
941703
941704
1804953
1804959
941718
1804969
1804976
941744
941753
941791
941792
941794
941798
1805033
941946
1805293
1805371
942359
1805476
1805506
1805516
942409
942498
942537
1805621
942547
1805628
1805638
942568
942573
942583
1805657
942590
1805666
942604
942608
942610
942638
942649
942655
1805712
942656
942667
942681
942698
1805747
1805750
942712
1805892
942929
1805935
942940
942954
1805968
1805986
1805991
1806005
1806015
943040
943084
943092
1806063
1806064
1806069
1806070
1806071
943121
943133
1806100
1806105
943148
943156
943160
943169
1806141
943211
943220
943241
943250
1806192
943267
1806228
1806233
943344
1806278
943363
1806282
943367
1806285
1806289
1806379
943505
943516
943528
1806423
1806437
1806450
943583
943591
943595
943618
943641
943642
1806504
943650
943660
1806610
1806614
1806651
943829
943854
1806681
1806682
943865
1806702
943925
943965
1806766
1806814
1806820
944046
944050
944051
1806913
944167
944190
944220
944227
944230
944246
944250
1806992
1806993
944274
1807016
1807039
944312
944313
1807040
1807042
944336
944338
1807068
944352
1807075
1807082
1807085
944375
1807098
1807109
1807129
1798932
1799255
1802412
1802421
938965
1804106
940663
12404
1051128
1058525
3180
12423
1058554
12444
1058587
12472
1058605
11430
12327
1057730
12760
12775
12798
12817
1058870
12818
1058877
12844
12846
12858
12860
12866
12867
12871
1058913
12900
1058939
12912
3365
12917
1058950
3187
12928
3084
12937
13089
13095
1059097
1056836
1059102
13119
13134
13135
1052051
13139
1051191
1050992
1059143
1059154
1059160
12083
13195
1059179
13204
1059184
13210
13212
1059189
1059192
1059196
1059209
10248
13262
1059229
13276
1059249
1059252
1059261
13309
5492
13321
1059276
1059278
13335
1059291
13339
13341
1059293
1059298
13350
13364
13374
1059331
13392
13399
1050904
1059341
13411
13414
13424
13427
13428
1059362
13447
1059376
1059388
13473
13500
13509
13518
1050917
1059441
10872
10964
1059456
13545
1059464
1059473
13574
13584
13587
2908
13594
1059506
13609
13618
13619
1059523
1059531
1059539
1059551
13674
1059569
13685
13687
1059576
2943
1059584
13704
1059600
13883
1052183
1059736
13895
13906
1059750
1057374
13915
13975
1051123
1059815
10200
1059824
14011
1059827
1059832
1052988
1051107
10928
14039
15911
1050954
10803
10684
3423
16058
1061475
1056200
16076
10103
16090
10779
1061499
16110
1061513
16126
1061558
1050990
1050988
16180
11924
9775
3988
4920
16350
1058268
12036
11939
1061735
1061739
10966
12049
1061788
16460
1061793
1051937
1061947
16655
1061959
1051491
16687
1061975
1061978
4371
4087
4351
16727
16728
16736
16743
1062023
1052085
1062029
1062030
16762
16768
1062041
1050927
1062054
986483
1840954
986515
1840998
1841010
917693
917696
1785663
1785673
917722
1785691
917744
1785707
917759
1785710
1785712
1785715
917790
917794
1785736
917802
917823
1785767
917836
917837
917844
917846
917849
1784553
916323
917866
917873
1784578
917889
1785818
917924
1785842
1785845
917951
918004
1785913
918036
918055
1785946
918078
1785966
918099
918116
918131
918138
1786012
1786017
918148
918170
918182
918193
918195
918196
1786063
1786064
918204
918208
918247
918252
918257
1786133
1786151
918345
918362
918365
918390
1786218
918391
1786234
1786241
918429
918436
1786257
918459
1786275
1786277
918477
1786293
918492
1786306
1786351
1786365
918573
1786396
1786400
1786436
918661
1786438
918688
918706
1786485
1786487
1786488
1786523
1786526
1786535
918797
1786556
1786557
918813
1786590
918855
918863
918864
918873
1786627
918900
918916
918922
1786656
1786660
918985
918997
919170
919202
1786881
919215
919224
1787031
919399
1787038
1787040
919472
1787097
919498
919576
916872
920187
920213
1787693
1787696
1787699
1787701
1787702
920233
1784647
921638
1788847
1788864
921685
1788971
921816
921826
921830
921844
921859
1789012
921869
921879
922516
1789537
1789543
922529
1789554
1789555
922555
922592
922652
1789673
1789677
1789686
1789738
1789747
922791
922812
922816
922825
922831
922856
1789812
1789815
922870
922882
922898
922913
922916
922922
922954
1789894
922970
922978
1789920
923005
923011
923020
1789941
1789957
923052
923070
1789989
1790002
1790003
923104
923109
923110
1790043
923158
1790062
923176
923188
1790091
923208
923213
1790105
1790108
923241
1790139
923277
923285
1790161
923320
1790183
1790184
923328
1790193
923336
923339
923356
1790217
923381
923385
1790238
1790246
1790255
1790262
923434
923437
923441
1790282
923445
923452
923462
923475
1790306
923493
923496
923509
1790341
923522
923530
923532
1790352
923533
1790367
923552
923556
923559
1790376
923570
1790391
1790395
923589
923593
1790403
1790410
1790413
1790421
1790427
1790434
923642
1790443
923679
923708
1790528
1790533
1790536
923779
1790554
1790567
923811
1790585
923822
923838
923847
1790610
923868
1790630
923883
923884
923886
1790640
923925
1790668
923928
1790674
1790676
1790679
1790688
923963
1790730
924004
1790734
924012
1790741
924019
924026
924045
924068
924074
924080
924086
924094
1790832
924132
1790838
1790842
924146
1790872
924195
1790887
1790888
1790892
1790896
924231
924237
924238
924241
924245
1790935
924265
1790944
924271
1790958
1790960
924294
924300
924308
924321
1790997
924339
924351
1791013
924366
924370
924386
1791040
924391
924392
1791047
1791050
924411
1791064
1791104
924475
1791135
924506
1791144
924520
1791160
1791167
1791182
1791187
924572
1791195
924585
924595
1791222
924625
924640
1791260
924672
924681
924684
924686
1791288
1791306
924724
924726
924731
924736
924740
924762
1791351
924791
924811
924818
924819
924825
1791391
1791398
1791410
924874
924884
924888
924900
924903
924937
924942
924944
924980
924995
1791531
925013
1791548
925021
925032
925043
925057
925078
1791596
925084
1791630
1791640
925138
925153
1791653
925161
925196
925203
1791700
925214
1791721
925255
925256
925267
925275
1791759
925294
925300
925301
925304
1791786
1791795
1791803
1791816
925376
925379
925380
925409
1791873
1791887
925450
1791895
925465
1791910
925473
925480
1791919
925484
1791930
1791937
925540
1791967
925551
1791985
925566
925571
925588
1792004
1792023
925623
1792038
1792041
1792049
1792057
1792058
1792061
1792065
925678
1792078
925695
1792100
1792111
1792113
925730
925746
1792132
1792133
925757
925763
925782
925783
1792168
925805
1792188
1792198
925836
925856
925861
925869
925873
925903
925908
925919
925933
925939
925940
1792292
925952
925966
1792329
925996
1792333
1792335
926002
1792337
926044
926045
926051
926054
1792380
926061
1792387
1792391
926070
926072
926075
1792395
926107
1792422
926113
1792435
926126
926131
1792453
926148
926156
1792462
926179
926185
926187
926221
926224
926228
1792527
1792531
926248
1792541
926260
1792549
926268
926275
926297
1792574
1792575
926300
1792577
926306
926308
1792601
926352
926354
926362
1792626
1792633
926371
1792644
926392
926398
1792660
926413
1792668
1792670
1792696
926475
1792721
1792722
1792727
926511
1792745
1792759
1792760
1792789
926576
1792802
926604
926615
1792837
926627
1792840
926635
1792858
1792868
926693
926703
1792902
926720
1792914
1792919
1792936
926763
926770
926784
926791
1787269
1788349
921037
1050923
3109
1051076
3130
3136
3183
3246
3267
3368
3440
1051405
3518
3527
3535
3555
1051445
1051456
3606
1051484
3619
1051493
1051494
1051509
3652
3654
1051524
1051528
3667
1051533
1051551
1051569
3730
3732
3744
1051601
1051603
3787
3806
1051645
3809
1051651
3841
1051675
3850
1051686
3861
3876
3882
3891
1051716
1051734
1051748
1051753
1051754
1051757
1051768
3964
3965
1051775
1051789
1051805
4021
4025
1051822
4031
4042
1051841
4054
1051864
4109
1051898
4135
1051935
4176
1051958
1051961
4213
1051974
4244
4267
1052032
4294
1052081
4369
1052094
4388
1052126
4432
1052143
4443
4445
4459
1052172
4496
1052198
4514
1052226
4543
1052239
4554
1052269
1052273
1052279
4612
1052287
1052297
1052300
4639
4643
4654
1052333
4680
1052343
4692
1052359
4719
4745
1052400
1052405
1052412
1052425
4786
1052431
4804
1052448
4813
1052462
1052466
4836
4845
1052475
4846
1052479
1052483
4862
1052494
4875
1052530
4928
1052547
1052559
1052565
4962
4963
4970
1052587
4988
1052589
1052617
1052621
1052622
5034
5035
5042
5043
1052638
1052643
1052650
5073
1052658
1052660
1052664
1052672
1052676
5110
1052696
5133
5141
5142
1052714
5157
5160
5182
5190
5223
5228
1052791
1052794
1052801
1052803
5265
5272
1052825
5288
5299
1052837
1052840
1052841
5317
5326
5328
5335
5346
5359
5378
1052912
1052924
1052928
5421
1052936
5429
5431
5434
5440
5441
1052961
1052963
5468
1052980
1056379
9710
1056422
1056424
9819
1050938
1056488
9852
9857
1056500
1056525
1056526
9913
9926
1056572
9960
10000
10002
1056626
10029
10051
1056663
1056665
10077
10078
1056684
10093
10104
1056727
10157
1056754
10174
1056755
10181
1056765
10209
1056782
10213
1056799
1056801
10229
1056834
10286
1056841
1056857
1056864
10329
10349
10388
10393
1056939
1056945
1056950
10437
1057007
1057012
10509
10514
1057020
10519
10522
10533
10539
10542
10551
10552
1057049
10557
10561
10566
1057059
1057062
10571
1057080
1057081
10603
10606
1057108
10642
10647
10663
1057139
10666
10680
10681
10692
1057162
10695
1057166
1057171
10721
1057192
10745
1057207
10753
10759
1057228
10785
10786
1057258
10812
1057259
10864
10897
1057331
10911
1057341
10959
10979
10980
10984
1057399
10998
11000
1057413
11007
11037
1057444
11045
1057461
1057468
1057477
11085
11091
11106
1057517
11139
1057554
11188
11191
11202
11207
11210
11211
11215
11223
1057589
1057592
11252
11257
1057648
11305
1057668
11353
11371
1057708
11381
1057714
11394
1057728
1057734
1057742
1057756
11434
11435
11438
1057761
11453
11460
11465
1057788
11475
1057799
1057805
11505
11507
11517
1057828
11533
11544
1057847
1057865
11583
1057886
11599
1057901
1057906
1057913
11648
11658
1057938
11662
1057944
1057953
11682
11686
1057972
1057976
1057978
1057979
11713
11716
1057990
11732
11740
1058003
11758
11777
1058036
1058039
11793
11796
11797
11820
11833
11842
1058091
11865
11868
11876
1058142
11925
1058160
1058163
11943
1058176
1058195
11985
1058210
1058225
12022
12037
12045
1058272
12390
2891
2895
2925
5522
1053585
1053586
6229
1054575
1056357
1792973
1792975
1792991
926821
926829
926832
1793006
926841
926854
926864
1793041
926931
1793083
1793096
926960
1793104
1793106
1793107
926969
927027
1793158
927028
1793162
927045
1793180
927065
927093
927107
927126
927140
1793251
1793261
1793269
927173
927174
1793287
927194
927218
1793314
1793325
1793327
927236
927237
1793338
1793352
927270
1793360
1793362
1793384
1793392
1793406
1793420
927357
1793437
1793440
927379
927378
927383
1793445
927396
927404
1793474
1793482
1793484
927453
927460
1793518
1793521
927484
927506
927509
1793557
927523
1793575
1793577
927557
927565
1793599
927581
927591
927598
927614
927618
927619
927643
1793659
927653
1793667
1793673
1793676
927677
1793699
1793703
1793704
1793742
927763
927765
927769
927790
927794
1793777
927800
1793783
927810
1793801
927835
1793813
927849
927850
927854
1793834
927870
927876
1793848
927891
1793868
927919
927922
927930
1793889
927946
927953
1793906
927968
1793929
927996
928004
928032
1793974
928048
928057
1793994
1794018
1794020
928105
928107
928119
1794063
928155
928163
1794075
1794084
928180
912953
928184
1794091
928194
1794098
928197
928198
928207
1794108
928211
1794112
928229
928244
928254
1794147
928261
1794151
928268
928283
1794176
928300
928303
928320
928324
1794201
928330
928343
928363
1794235
928377
1794243
1794259
1794260
1794282
1794291
1794292
928440
917322
1794309
1794311
1794313
1794319
1794320
928472
928473
928496
928498
928531
928533
928536
1794386
1794394
1794398
928592
928603
1794426
928609
928612
1794436
1794437
928639
928649
1794466
928665
928684
928695
1794502
1794515
1794518
1794525
928730
928732
928733
1794531
928740
928760
928764
1794565
928787
928792
1794580
928798
1794595
1794604
1794614
928841
1794630
1794632
1794639
928892
928905
1794669
1794687
928934
928940
928952
1794706
1794711
1794722
1794732
928989
1794735
929001
929042
929058
929074
929083
929092
929093
1794820
1794856
1794867
929160
929187
929192
1794901
929210
1794927
1794931
929242
1794945
1794948
929253
929262
1794964
929288
1794981
929298
929305
929317
1795001
929323
929328
1795013
1795020
929373
1795045
929376
929382
1795061
1795071
929416
912805
1781746
1781753
912853
1781764
912867
1781791
912887
912890
912911
1781809
912959
912965
912966
912969
912977
1781874
913024
1781906
913069
1781937
913075
913111
913115
1781981
1781982
913128
913133
913158
913160
1782013
1782015
913169
913183
913186
1782033
1782043
1782045
1782053
1782111
913281
913288
913322
913325
1782145
1782146
1782154
913342
1782169
913361
913369
913370
1782189
1782215
1782216
913421
913426
913429
913437
913447
1782251
913458
1782258
1782265
913486
1782281
1782299
913517
1782303
1782314
913535
913536
913542
913546
1782329
913558
1782336
1782352
913587
913591
913596
913599
1782393
913638
913640
1782408
913662
913678
913683
1782525
913902
915139
1783659
1783661
1783786
915428
915430
915440
915444
915451
915459
1783864
915474
915479
915484
915488
915506
1783905
915518
1783908
1783909
1783926
1783936
1783969
915621
1784003
1784005
915650
915705
915739
915756
1784099
915762
915767
1784123
1784124
915792
915812
1784149
915828
1784162
915840
915844
915879
1784198
915911
915916
1784228
1784229
915946
915951
1784255
1784257
1784266
915967
915978
1784279
915987
915994
916024
1784319
916045
1784336
916093
916145
1784411
916154
916177
1784438
916184
1784447
1784453
916221
1784478
916238
916239
916254
916299
1784535
916308
1784542
1784546
916344
916357
1784582
916361
916362
916381
916391
916412
916435
916452
916457
916466
916468
916471
916493
916507
1784705
916555
916560
1784753
1784756
916587
916588
916601
916605
916609
916611
916622
1784921
916860
917072
1785182
917114
1785236
917173
917205
1785277
1785302
917255
917332
1785369
1785388
917411
913947
914181
1782867
914291
1782937
1783442
1783460
1795100
929451
1795107
929461
929482
929486
929497
929507
929518
1795177
929546
1795182
1795185
1795190
929572
929575
1795210
929581
929590
1795217
929593
1795225
1795228
1795234
1795241
1795243
929620
929639
929641
929642
929643
929646
1795265
929654
929656
929712
1795318
929724
1795327
929726
1795329
929740
1795349
1795352
929759
1795359
929778
929779
929780
1795381
929809
929832
929839
929841
1795423
1795427
1795438
929881
1795464
1795465
1795471
1795478
1795482
1795486
929927
929931
1795500
929957
929965
929971
929989
930003
930004
930009
1795557
930015
930040
930044
1795689
930187
1795702
930195
930200
1795716
930235
1795757
930264
1795766
1795770
930279
1795778
930288
930296
1795813
930347
930348
1795829
1795830
930360
930368
1795851
930382
1795860
1795874
1795881
930445
1795917
1795918
930468
1795925
1795930
930523
930527
1795973
930530
1795977
1795978
1795983
930578
930581
1796027
930599
930600
930602
930605
1796050
930637
930640
930666
1796085
930674
930679
930688
1796112
930705
1796120
1796128
930723
1796129
930742
1796147
930775
930778
1796174
1796176
1796178
930785
1796188
1796190
930799
930803
1796216
930837
930840
930846
1796252
930883
1796268
930898
930899
930913
1796302
1796304
1796310
1796318
930961
930964
1796334
930988
1796351
931006
1796361
1796367
931028
1796380
931046
1796402
1796416
931101
931109
931115
931116
931120
931138
1796485
931188
1796513
931204
1796518
931210
931214
1796528
931227
931246
931251
1796558
931264
1796570
1796606
931404
931411
931415
931416
1796689
931433
1796704
931447
931461
931465
931469
931475
1796743
931533
1796783
1796787
931559
931562
1796808
1796812
1796815
931578
931584
931594
1796845
931710
931714
1796931
1796946
1796949
1796957
931764
1796969
1796989
1796993
931811
1797014
1797025
931844
931858
1797066
931915
931930
931951
931960
931964
1797127
1797140
932013
932156
1797306
932192
932265
1797368
1797407
932314
932336
932342
1797433
932358
1797458
932378
1797461
932390
932398
1797511
1797518
1797523
1797528
1797541
1797552
1797559
1797563
932536
1797583
932552
932555
932558
1797607
1797609
932571
932572
1797636
1797638
932608
1797653
1797655
932637
1797688
932667
932670
1797714
932712
932713
1797735
1797737
1797745
1797790
932829
932896
933006
1797964
1797986
933100
1798305
933512
1798393
933595
1799625
935083
1799648
1799651
935214
935250
1799805
935301
1799812
935311
935320
935429
1799910
1799967
935509
935528
935547
935566
935577
1800049
1800059
935628
935631
935633
1800073
935643
935663
1800096
1800098
1800100
1800102
935670
935676
935678
1800109
1800111
1800122
935698
1800126
1800130
935712
935718
935756
935779
1800200
1800204
1800209
1800210
935812
1800217
935818
935827
1800232
1800258
1800259
935865
1800261
935870
1800263
935895
1800286
935901
935908
1800311
1800337
1800342
1800345
935971
1800351
935988
1800362
1800369
936008
936014
936017
1800386
936027
936039
936064
1800420
936068
936085
1800437
936089
936100
1800460
936123
936129
1800471
936134
936137
936139
936141
1800483
1800487
936149
936151
1800491
936166
1800502
1800505
1800533
1800562
936245
1800573
1800584
1800585
936269
936286
936287
936292
1800605
936308
1800624
936337
1800640
1800644
1800665
1800669
936393
1800695
1800702
936424
1800710
1800725
1800729
1800734
936471
936475
1800753
1800757
936519
1800787
936524
936525
936528
936556
936558
936570
1800827
936618
1800864
936626
936627
1800872
936631
936644
1800906
1800907
936674
1800909
1800918
936685
1800927
1800931
1800937
1800944
1800948
1800950
936726
936731
936749
1800972
1800976
1800979
1800984
936806
936816
936817
1801031
936830
1801035
936832
936845
936869
1801086
1801088
936915
936914
936921
936923
936927
1801115
936941
1801131
936950
936952
1801155
1801164
936990
1801166
1801169
1801170
937005
1801186
937018
1801187
1801196
1801201
1801211
1801217
937056
937061
937066
1801229
1801232
937077
1801258
937107
1801259
937108
937110
937116
1801274
937131
1801277
1801291
937155
937161
937166
937172
1801325
1801329
937217
937263
937264
937265
937268
1801389
937287
1801438
937359
1801468
1801477
1801483
1801484
937393
937398
1801503
1801504
937429
937438
1801524
937446
937469
937470
937474
937484
937490
937492
1801579
937511
937516
1801596
1801598
1801602
937539
937544
937610
1801661
937613
937615
1801675
1801676
1801683
1801684
937648
937654
937703
1801748
937740
937748
937766
1801786
937770
1801797
1801798
937791
937794
1801831
937831
1801850
938157
1802119
1802127
938194
938195
938210
938224
938231
938258
1802183
938271
938291
938298
938304
1802221
1802224
1802274
1802281
1802286
938387
1802295
938403
1802302
938414
938418
938427
938429
1802342
1802347
1802354
938473
938483
938514
1802391
938523
1802398
1802405
1802407
938538
1802771
1802778
939002
939007
1802782
1802790
1802795
1802797
939079
1802849
1802850
939092
939095
939129
939145
939161
1802906
1802907
1802917
1802933
1802934
939199
1802942
939206
939214
939225
939231
939232
1802982
1802983
939281
939286
1803011
1803015
1803017
939298
1803023
939306
1803031
1803032
939318
939317
939325
1803050
1803052
1803054
1803057
939349
939362
1803076
939378
939403
939406
1803104
1803109
939414
939416
939426
939427
1803124
1803134
1803137
1803139
1803142
1803145
1803161
939482
1803173
939494
939498
1803179
939504
1803198
1803206
1803212
1803214
939556
939584
1803255
939601
1803260
1803261
939607
1803263
1803266
1803273
1803278
939658
939668
939671
1803335
1803339
1803364
939742
939743
939744
939753
1803416
939800
939821
939840
1803478
939875
1803487
1803493
1803500
939903
1803505
939910
1803523
939936
1803537
1803539
1803552
1803555
939976
939978
1803622
940055
940059
940077
1803646
1804181
940757
940777
940781
1804213
1804227
940839
1804268
940886
940901
940907
940918
940931
940937
1804341
940950
940953
940966
940967
940976
1804367
1804368
940995
941000
1804408
941028
941035
941036
1804418
1804427
1804430
941061
1804437
941068
941075
1804446
1804447
941082
1804453
1804462
941098
941102
1804469
941108
1804478
941211
941227
941229
1804699
1804759
1804773
1804789
941513
1804806
1804813
941543
941557
941566
1804846
1804855
941598
941611
1804883
941652
1804910
1804928
1804931
941688
941695
941735
941743
941748
1805030
942135
1805298
1805368
942239
1805380
1805384
942344
942354
942372
1805485
942374
942407
942432
1805594
1805599
942513
1805611
942529
942534
942538
942550
942551
1805643
942575
942576
942581
942582
1805653
942593
1805671
942627
1805699
942644
1805707
942650
1805725
1805726
942847
942848
942870
1805889
1805890
1805896
1805902
942911
1805927
942943
942949
942956
942996
1805999
943019
943027
943031
943032
943083
1806058
1806060
1806066
943104
1806079
943123
1806095
1806112
943161
1806133
943187
1806142
1806156
1806174
1806175
943235
943240
943260
1806199
1806220
943298
943301
1806232
1806242
1806261
1806266
943358
1806288
1806291
943377
943405
943484
1806382
943502
943510
1806400
1806411
1806413
1806418
943543
943566
943578
1806461
943594
1806466
943596
1806469
1806474
943606
1806477
943628
1806495
1806565
1806612
1806622
943792
1806630
943830
1806670
943867
943904
943936
1806802
1806812
1806829
1806838
944146
944149
1806920
1806940
944192
944243
1807003
1807004
944284
1807029
1807031
944304
944316
944320
1807061
944340
944343
944359
944363
944365
1807103
944387
944389
1798933
934215
918892
934435
1802413
938548
1802414
938556
1802768
940645
940655
940658
940659
940661
1804113
1058538
12407
1058544
12419
12428
1056780
12453
1058575
1058792
1058795
12732
12733
1051067
10258
12785
10285
1058887
12842
12849
12848
1058896
1058897
12864
1058909
1058922
12899
12906
1058941
1058951
12920
1058955
12931
12938
3498
13108
1052407
1059131
13145
13154
13156
12027
13171
13176
13177
1059167
13190
13198
10263
13206
13240
13239
13264
13285
13286
1059257
1059262
13312
13315
1059273
13328
1059285
13334
13337
1059301
2967
1059311
13369
2968
13394
2974
13405
10168
1059353
1059356
1059372
13442
13445
1059380
13458
13462
13465
1059405
13483
1059439
1059449
13539
13540
1059463
13559
1059498
1059524
13629
1059528
13643
1059540
1059545
13657
13664
13668
13671
1059561
2945
1059578
13697
13701
13709
13711
1057338
13751
13881
13888
11700
13897
13905
13907
13980
13989
14003
2997
5407
1059839
1059845
14034
11853
1061291
1058270
1057334
4141
3428
4363
11730
10206
1061512
1061520
11907
1050957
1050910
3146
11901
1061691
1061697
10477
1052610
1052518
1061713
12393
16372
10153
1061727
1061731
1061737
16422
1061760
1061766
1058127
12050
16454
16455
16459
1052754
4364
1061798
1052204
16643
4178
1051944
1051508
1051531
4319
1061989
4382
16715
16726
16729
1062008
16731
16738
16744
4335
1052068
16754
16757
9816
16769
1062048
1062052
1051241
986495
986496
986509
1840960
986519
1840962
986542
986564
986568
9759
1841005
986586
1841015
1783841
1783863
1841022
1785647
917691
917707
1784827
917719
1785681
917732
1785685
917743
1785699
1785703
917766
917798
1785743
1785747
917810
916228
1785762
1785779
1785800
917877
917880
1785806
917895
917903
917906
917918
1785852
1785853
1785858
1784585
1785878
917990
917995
917997
1785919
918026
918038
1785945
918069
1785958
1785961
918081
918098
1785986
1786000
918144
918154
1786043
1786044
1786061
918210
918212
918225
1786086
918285
1786136
918336
918369
1786214
918386
1786220
1786223
918418
918419
918430
918451
1786295
918512
1786317
918554
918557
1786356
1786367
1786376
918588
918605
918607
1786392
1786393
1786399
1786411
918633
1786416
918638
1786428
1786437
918682
1786461
918699
918724
918726
1784272
918773
1786530
918792
918798
1786550
1786571
918835
1786581
1786593
918869
918870
918893
1786640
918921
1786655
1786657
1784294
1786684
1786699
1786700
919111
919145
919176
1786859
919191
1786891
1786895
1786996
919409
919411
919466
1787086
1787109
1787127
919538
919572
1787172
920204
916479
1787700
1787712
920247
920248
1787718
1788814
1788823
921660
1788867
1788966
921822
921824
1788982
1789013
1789014
1789528
1789532
1789540
922527
922534
922541
922567
1789581
1789637
1789675
922694
922702
922765
1789758
922795
922798
922822
1789792
922839
1789819
1789824
1789833
1789840
922915
922931
922937
922944
923002
1789935
923018
923023
923040
1789961
923047
923050
1789983
1789991
1789997
1790004
1790007
923112
1790021
923126
1790027
923139
923154
1790051
1790058
923173
923175
1790071
923197
1790083
923211
923233
923246
1790123
923252
1790142
923276
923287
923306
1790174
1790177
923331
1790194
1790205
923348
923351
1790214
923361
923368
1790220
923373
1790225
923374
923391
923393
1790258
923413
923420
1790269
1790286
1790295
1790296
1790301
923469
923488
923495
923502
1790331
1790338
1790342
1790344
923535
923536
1790358
923539
1790362
1790371
923566
923573
923617
923624
923625
1790428
923628
1790450
1790452
923657
923680
1790471
923696
1790491
1790499
923728
1790517
1790525
1790539
923770
923782
923783
923814
1790584
1790586
1790589
923842
923863
1790625
1790626
1790629
923881
923894
1790651
1790661
923920
923937
1790680
1790683
1790689
923977
923978
923982
923998
924014
924017
924016
924021
924025
1790751
924035
1790760
1790762
1790764
1790770
924064
1790784
924072
924085
924096
924119
924126
924135
924141
1790849
924166
924179
1790874
924186
924204
1790904
1790911
1790918
1790924
924250
924253
924263
924264
1790947
1790948
1790967
1790970
924309
924320
1790999
1791003
924347
1791008
1791022
1791032
924393
924404
1791060
924422
924423
1791085
924468
924469
1791117
1791129
924512
1791149
1791154
924530
924534
1791164
1791165
1791166
924546
1791173
1791191
1791203
1791210
924602
924607
1791216
924610
1791219
924611
1791224
924636
924642
1791245
924649
1791267
924675
924676
1791282
924732
1791320
1791358
924796
924806
1791384
924826
1791399
1791402
924839
924840
1791408
924848
924849
924852
924861
924869
1791429
1791433
1791443
1791449
924898
1791453
924956
924968
924976
925001
1791538
1791542
1791545
1791556
1791568
925053
925088
925118
925143
1791652
1791663
1791684
1791693
1791697
925208
1791702
925219
1791709
925223
925231
1791724
1791725
925258
1791741
1791751
925276
925277
1791787
925319
925325
925326
925327
1791796
1791802
925342
1791807
1791812
1791821
925365
925372
925381
925394
925395
1791862
1791874
1791883
1791886
925441
925448
925455
925459
1791904
1791908
1791924
925497
925504
1791947
925520
925523
1791954
925527
925529
925531
1791959
925535
925536
925539
925549
1791973
925569
1791996
925586
1792005
1792009
925600
1792012
1792015
1792022
1792026
925639
1792043
925650
925669
1792086
1792104
925720
1792122
1792123
925741
1792131
925749
925753
925759
925760
925762
925764
925769
925770
925776
1792158
925793
925808
925816
1792195
925828
925832
1792205
925839
1792216
1792233
1792240
925886
925928
925932
1792305
1792306
925977
925986
925988
925993
926000
926001
926021
926029
1792404
1792407
1792408
1792411
926100
926105
926114
926121
926132
1792446
1792457
1792458
1792461
926168
1792476
926202
926211
1792538
926272
926276
1792561
1792576
1792578
926320
926337
926366
926378
1792639
926381
926383
1792657
1792672
926426
1792680
1792685
926451
1792697
926453
926454
1792702
1792716
1792719
926484
926488
1792729
1792737
926507
1792771
926543
1792774
1792788
1792813
926609
1792836
1792852
1792857
926668
1792875
1792877
926679
926684
926700
1792906
926718
926732
926737
926744
926750
926754
926769
926780
926781
1787263
919695
919696
919724
919727
921052
2928
1050928
1050930
2963
1051062
1051081
1051097
3213
1051268
3351
1051284
1051291
1051293
3415
3431
3509
1051403
3514
3551
1051449
1051452
1051479
3604
3607
3610
1051482
1051485
3623
3632
3633
3635
3640
1051520
3664
3666
3704
1051562
1051563
3716
1051577
1051590
3761
3778
1051625
1051631
1051644
3808
1051653
1051659
1051662
3829
3858
3865
1051696
3870
3898
3913
1051755
1051772
1051773
3967
3981
3983
3986
4029
1051830
1051837
4065
4066
1051855
1051865
4084
4085
1051881
1051887
1051889
1051904
1051908
4145
1051913
1051918
4160
4159
4202
1051962
1051965
1051976
4227
4228
1052004
1052041
1052045
4312
4318
1052062
4342
1052078
1052091
4400
1052127
4414
4425
4429
4464
4470
4498
4516
1052211
4526
1052237
4551
4553
4561
1052255
4596
1052276
4636
1052307
1052314
1052319
4673
4674
1052342
1052346
1052347
1052354
1052388
1052390
4746
1052398
1052404
1052409
4767
4769
4776
4777
4778
1052429
4831
1052495
4882
1052529
4912
4930
4939
4953
4959
4977
1052585
1052596
5023
1052618
5025
5032
5033
5040
5055
1052648
1052657
1052668
1052678
1052679
5117
5128
1052704
1052706
5144
5146
1052711
1052716
5154
1052718
1052719
5164
5180
5192
5204
1052763
5214
1052766
5218
5242
1052799
1052808
1052831
1052834
5310
5315
5320
5333
5334
5385
5389
5391
5394
5398
5406
1052921
5409
5416
1052929
5419
5439
5457
5458
1052964
1052973
5509
5510
9709
9711
9757
9762
9802
1056477
1056483
1056487
9848
1056492
9872
1056516
1056520
9899
9906
1056536
9911
1056542
1056551
9928
9951
1056579
9957
1056586
1056600
9992
10007
10010
10018
1056631
10036
1056642
10038
1056650
1056677
10088
10137
10173
10189
1056766
1056768
1056770
1056786
10262
10266
10267
1056830
10295
10318
1056866
1056880
1056895
10368
10378
1056909
10387
10434
10450
1056968
1056973
1056986
10487
1056995
1056998
1057026
1057048
10569
1057067
10591
10596
10622
1057109
10631
1057123
10650
1057150
10679
10689
1057188
10725
1057190
10730
10740
10743
10756
10768
10776
1057245
10800
10821
1057269
1057271
10829
1057278
1057285
1057292
1057310
1057318
10890
1057355
10962
10967
1057383
10971
10975
10988
11013
1057440
1057449
1057451
11052
1057459
11081
1057475
1057495
11118
1057511
1057520
1057521
1057523
11145
1057531
11150
11160
1057544
1057545
1057555
11182
1057557
11201
1057572
1057573
1057595
1057598
11238
1057613
1057618
1057622
11274
1057637
11289
1057646
1057671
1057674
1057680
11342
11347
11360
11363
1057701
11364
11365
1057704
1057707
1057709
11380
11384
1057715
11389
1057729
1057738
1057753
11468
1057790
11476
11494
1057839
1057841
1057861
11562
1057867
11581
1057883
11595
1057889
11605
11616
1057915
11642
11650
1057941
11678
11685
1057985
11725
11731
1057995
1058000
11755
11762
1058027
1058033
11792
1058046
1058052
1058057
1058063
11857
1058104
11869
1058112
11890
11900
1058147
11929
1058161
1058169
1058170
11979
11992
11998
1058228
12091
1058283
1058516
1058519
1058524
1058528
1050894
1050915
2922
1053019
6223
6508
1054381
7461
7480
926796
926808
1792995
1792997
926827
1793003
1793008
1793021
1793026
926877
926890
1793053
926897
1793057
1793060
926906
1793063
1793064
1793085
926937
1793087
1793090
1793099
926953
926967
926988
926997
927006
927009
927015
927037
1793171
927047
1793182
1793198
927082
1793204
1793205
1793208
1793213
1793225
927147
1793257
927150
927152
927158
927178
1793280
927196
1793301
1793304
1793309
927220
927231
927245
1793353
927281
1793367
1793378
927340
1793415
927359
927385
927388
927434
927441
1793495
1793503
927459
1793512
927475
927481
1793524
1793528
1793532
1793533
927508
927524
927526
927527
927549
927564
1793606
927587
927592
927594
927596
1793625
1793630
927617
927623
1793646
1793650
927636
1793653
927646
927648
1793672
927690
927691
1793706
927712
927725
1793720
927727
927732
927744
927745
927748
927759
927767
927771
1793760
1793761
927784
927799
1793786
927827
1793810
927858
1793829
1793841
1793844
927881
927900
927901
1793863
1793864
927905
1793867
927910
927911
927937
1793893
927951
927956
1793904
927960
927966
927977
1793923
927998
1793949
1793950
1793962
1793966
1793987
1793991
1794000
1794009
928093
1794029
928137
928142
928149
928151
1794071
1794085
928242
1794135
928246
928259
928260
1794167
928298
928301
928305
928311
1794193
928315
1794194
928322
1794214
1794218
928359
928361
928379
928380
928387
1794250
928403
928408
1794270
1794271
1794274
1794276
928421
928446
928455
1794307
928461
1794321
928474
928475
1794327
928493
1794359
1794363
1794368
928541
1794383
928554
1794393
1794397
1794403
928583
928605
1794442
1794446
928633
928644
1794459
928654
928660
928688
1794535
1794536
928757
1794552
928762
1794554
928771
1794560
1794574
928795
1794579
928800
1794585
1794591
928812
928819
928831
1794611
928852
928858
928883
1794653
1794665
928904
928906
928914
1794678
928920
928921
928945
1794715
928968
1794720
1794724
928982
1794730
1794734
1794758
1794765
1794768
929046
929053
1794792
929063
1794800
1794802
929087
929109
1794845
1794850
929138
1794855
929151
1794865
1794866
929166
1794880
929174
1794899
929204
1794907
1794912
1794918
929221
929224
1794926
929232
929236
1794943
929250
1794950
929276
1794968
1794979
1794982
1794987
929313
1795014
929335
929353
1795033
929363
1795037
929370
929383
1795052
1795053
929387
929392
929397
929406
929409
1795073
929413
912800
912808
912814
912816
912827
1781749
1781750
912845
1781777
1781793
912895
1781797
912896
1781799
912900
912902
912904
1781806
1781815
912918
912922
1781831
912960
912964
1781859
912985
912988
1781875
912997
1781879
913000
913015
1781893
913018
1781901
913030
913038
913050
913051
1781924
913059
1781935
913074
913078
913106
913122
1781983
1782012
913170
913209
1782058
913223
913224
913276
1782108
913285
1782126
1782153
913346
1782164
913355
1782174
913360
913366
1782179
913393
913411
1782218
913420
913423
1782238
913475
913476
913492
913501
1782297
1782309
913548
913556
913565
1782344
913572
913628
913633
913634
1782402
913646
913647
1782406
1782423
913673
1782431
1782597
913891
915154
1783660
915212
915366
915367
915368
1783811
1783817
1783829
915429
1783833
1783836
1783848
1783858
1783859
915495
915499
915501
915514
915519
915525
1783917
1783920
915578
915585
915588
915593
915594
915601
915602
1783987
915624
915635
915676
915681
1784048
915749
1784093
915751
1784098
1784100
1784102
915773
915816
1784148
1784157
1784158
915834
915835
1784196
915889
1784214
915917
915922
1784256
1784276
915990
916001
1784311
1784312
1784313
1784320
1784359
1784372
1784379
916113
1784390
916125
916141
1784426
916194
1784468
1784477
916277
1784528
1784536
916309
1784548
1784567
916342
1784570
1784580
916379
1784614
916404
916415
1784629
1784664
916500
1784700
1784717
916531
916537
916545
1784735
916554
1784738
1784739
1784742
916574
1784759
1784760
916584
1784764
1784782
916627
917041
917077
1785163
917177
917190
1785264
917216
917217
1785290
1785307
917318
1785356
917327
1785378
917366
917412
917444
914225
1782869
914228
1782878
1782916
914311
1783170
1783450
1795088
929429
929435
929436
929440
1795104
1795127
929488
929499
1795145
1795147
929510
1795153
929530
1795169
1795187
1795200
929569
929570
929583
929621
929623
929627
929638
1795263
929653
1795291
1795294
1795296
929704
1795315
1795319
929719
1795326
929733
929738
929739
929765
929784
1795379
929793
929806
929814
1795405
1795408
1795409
1795413
1795417
929852
929863
1795443
929875
1795448
929877
1795453
929901
1795468
1795483
929924
929929
1795512
929962
929968
929970
1795524
929977
929988
929991
929994
930010
930021
1795564
1795572
930038
1795581
930075
1795664
1795666
930177
930181
1795693
930193
1795715
930225
930257
930258
1795765
930276
930283
1795787
930315
930316
1795810
1795814
1795827
930355
1795832
1795833
930364
930369
930380
1795853
1795856
1795883
1795897
1795901
930482
930495
930507
930514
1795968
930570
1796011
930580
930582
1796018
1796019
1796023
930608
1796043
930618
1796049
930634
1796060
930638
930641
930656
1796077
930665
930671
930691
1796108
1796118
930714
930738
930740
930763
930764
1796162
930812
1796205
930839
930853
1796241
930867
930868
930874
930892
1796269
930902
930928
1796294
930944
930946
1796311
1796332
930977
1796336
930985
930986
930993
931004
931022
1796394
931061
1796408
931076
931082
931087
931111
1796460
1796462
931151
931179
1796501
1796502
931193
1796514
931217
931222
931245
1796552
931321
931376
1796662
1796677
1796687
931421
931488
1796745
1796748
1796754
931509
1796765
1796778
931544
1796795
931560
931564
931567
931596
931597
931608
1796928
931747
1796951
1796953
1796958
931759
1796972
931786
1796991
931798
931803
1797005
931816
931823
1797030
1797039
1797041
1797073
931901
1797077
1797078
1797087
931919
931935
1797109
931953
1797120
1797138
932004
932005
1797158
1797167
932024
932066
1797305
932264
1797366
932316
932325
1797423
1797432
1797437
932361
1797465
932411
932418
1797494
932421
932423
1797497
932428
1797500
932449
932460
1797531
1797532
1797536
1797542
932485
932492
932500
932508
932515
932525
932531
932604
932609
932622
1797668
932643
932650
1797680
932662
1797721
1797725
932717
1797734
1797736
932728
1797744
932756
1797772
932880
1797959
933017
1797973
933164
1798090
933375
1798302
1798322
1798356
1798363
933588
933591
933592
933742
934874
935053
935076
935098
1799645
935104
935239
1799760
1799765
935255
935269
935309
935310
935314
935325
1799926
1799938
935466
935474
1799946
935492
1799968
935529
1799993
935537
1799996
1800024
935574
1800052
1800061
935619
935623
1800067
1800071
1800076
935642
935648
1800089
935666
1800101
935689
1800117
935694
1800136
935719
1800160
1800162
1800170
1800176
1800190
1800203
935800
1800212
1800227
935839
1800239
935856
1800254
1800257
1800262
935875
935884
935889
935896
1800287
935900
1800289
935924
935942
935949
935948
1800325
1800328
935953
1800333
935959
935965
1800346
935982
1800372
1800373
936010
1800393
936043
936047
1800406
936051
936053
1800411
936056
1800414
936071
936075
1800434
1800435
936116
1800467
936133
936147
1800506
936177
1800522
936214
1800543
936220
1800551
936234
936239
936240
1800561
936255
936258
936260
1800580
936270
1800604
936333
1800645
1800655
936360
936365
936367
936369
936371
936372
1800672
1800679
1800685
1800687
1800690
936412
936413
1800701
1800709
1800711
936441
1800736
936461
1800746
936482
936485
936496
1800765
936499
936503
1800778
1800780
1800791
1800793
1800794
1800795
1800807
936551
1800817
1800822
936583
1800839
936597
1800847
1800853
936629
1800880
936642
1800889
1800890
1800892
1800901
936667
936708
936716
936718
1800949
1800964
1800966
1800974
936788
936797
1801008
1801020
936813
936815
936819
1801028
936823
1801037
936844
936848
936849
1801059
936880
1801076
936898
1801093
1801097
936918
1786625
1801116
1801121
936945
1801129
936999
1801174
937010
937012
1801195
937032
1801223
937070
937078
937094
937095
1801253
937109
1801272
937127
937140
1801290
937150
1801295
1801302
1801306
1801311
1801315
1801318
937200
937202
1801341
1801350
937228
1801357
1801360
1801369
937267
937266
937271
937327
1801432
1801435
937357
937362
937368
937380
1801487
937401
937414
937431
937458
1801540
937463
1801574
937503
1801577
937509
1801584
937524
1801607
937546
937571
937599
1801665
937627
937633
937645
937657
937659
937674
1801716
937680
937702
937718
1801746
1801750
1801758
937734
937752
1801776
937759
1801784
1801807
937802
1801832
1801834
937828
1801840
937848
938178
938183
1802121
1802144
1802181
1802184
938263
938277
938285
938292
938293
1802215
1802225
938317
938358
938360
938371
938373
938382
1802287
1802296
938412
938438
1802339
938459
1802349
938467
938468
1802357
1802362
938485
1802369
938490
938497
938505
938539
1802783
939030
939036
1802816
1802821
939055
939071
939077
939085
1802847
1802851
1802855
1802859
1802864
939117
939120
939125
939131
1802881
1802887
1802899
1802910
939172
939179
1802937
939212
939217
1802955
1802968
1802975
1802995
939295
939305
939311
1803033
939326
939327
1803053
1803059
939350
1803061
939370
1803077
1803087
939400
1803110
1803113
1803117
1803157
939477
1803164
939492
1803182
939511
1803197
939538
1803209
1803210
939541
1803248
939609
939610
1803277
1803283
939632
939636
939642
939650
1803311
939666
1803316
939696
1803363
939730
939731
939746
939765
1803401
939776
1803405
939805
1803426
939834
1803452
939851
1803468
1803471
939867
1803486
1803504
1803551
1803604
1803609
940040
1803618
1803625
1803636
1803642
940078
1803647
1803650
940745
940752
940771
940776
940845
940850
940860
940878
1804287
1804294
940889
1804300
1804305
1804311
1804312
940911
940923
1804327
940930
1804330
940938
940942
940981
1804389
1804413
941039
1804422
941085
1804457
941118
941193
1804559
941360
1804675
1803089
1804698
941456
1804756
1804770
1804771
941492
941491
1804795
1804799
1804815
941560
941562
941576
941587
1804864
1804897
1804909
1804918
1804921
941678
941680
1804941
1804950
941712
941715
941716
1804971
1804978
941742
941801
941824
1805301
1805376
1805379
1805381
942244
942248
1805456
1805460
942342
1805486
1805503
942397
942399
1805517
942412
1805522
1805534
942508
942512
1805613
1805617
1805649
1805661
1805675
1805695
1805705
1805720
1805723
942674
1805730
942701
942703
1805869
1805909
942902
942907
942908
1805916
942919
942923
942930
942946
1805952
942977
942982
943006
1805993
1805995
943014
943024
943037
1806057
1806065
943122
1806104
943151
943168
943183
943193
1806148
943213
1806165
943223
1806170
943226
943237
943245
943252
943259
1806205
943272
943290
1806226
1806230
943302
1806241
943346
943347
1806271
1806272
1806275
1806286
943384
1806389
943500
1806395
943521
943525
1806412
1806422
1806433
943553
1806435
1806449
1806454
943579
943584
1806464
943597
1806473
1806475
943605
1806476
943607
1806478
943621
943640
943648
943779
943850
943864
943883
1806704
1806723
944025
1806824
944044
944138
944141
944151
1806922
1806960
944215
944217
1806986
1806989
944273
944276
1807018
1807032
944302
944305
944318
944347
944361
1807090
1807097
1807102
944386
944394
934678
938545
1802415
1802420
938791
1804098
940654
1804105
12406
12414
1051138
12426
1058553
12438
12441
12449
12454
12469
12401
12400
1056779
1058799
1058805
1058834
1058847
1056928
12805
12810
12816
12826
10273
12835
7300
12855
1058901
1058902
1058908
12874
1058916
12878
12880
12881
12885
3500
1056933
3333
13098
13107
1059104
3112
1050907
1056731
1059123
1059126
13138
13146
13153
13179
13180
1059169
1059174
1059176
1059177
1059180
13208
1050986
1059191
1059208
1059216
13248
13249
1059225
13278
13284
1059248
1059253
1059255
13298
13311
13323
1059284
13336
13345
1059299
1050971
1056820
13355
13362
13368
10164
13385
2970
13408
1059349
13420
1059363
13433
1056743
13471
1059417
1059423
1059427
13512
1059437
13542
13544
1059457
1057308
13580
13583
1059492
13588
1059494
13596
1059501
1059502
13623
1057350
13628
1059529
1059532
13640
1059546
1059550
13666
13688
13690
2944
13708
3517
1059597
1051111
12054
10343
1058256
1059752
1059755
13949
13978
1050979
13981
13994
1056771
1059823
1050966
1059825
14010
1059828
3090
1059829
14018
10140
14023
13536
1056443
10656
1052647
16057
1052933
16089
10941
6284
1058086
16101
1061501
1061515
1056772
1058111
16157
1058144
1050953
1061562
1061565
1058128
16339
4853
10556
16349
1050961
1058017
11750
16374
1058070
12047
1061734
16430
1061785
10579
5194
5150
1057651
16645
16652
1061953
16677
16681
16684
1061974
16695
16703
1052117
16733
16746
4323
16760
9806
9821
9795
16776
16784
1052882
1060487
986482
1840946
1840980
986547
986550
1840986
986553
986554
1840999
986592
917568
917683
917698
917712
917721
1785684
917758
1785708
917765
917781
1785727
917791
1785734
1785738
917801
916264
917806
917826
1784655
917842
1785775
1785776
917855
1785786
917867
917872
1785820
1785822
1785841
1785844
917929
917935
1785446
1785882
917980
1785890
1785896
1785908
918024
918032
1785934
918058
918059
918062
918070
1785962
1785969
1785970
1785979
918101
918105
1785985
1785994
918123
1786006
918133
1786011
918137
918156
918157
1786027
1786032
1786037
1786068
918217
918281
1786130
1786134
918322
1786160
918326
1786174
918338
918348
1786187
918364
1786197
1786255
918441
918460
918474
1786288
918487
918494
918504
1786319
918551
918556
918559
1786358
918577
1786374
918583
918606
918636
1786483
1786532
918777
918780
918801
918819
1786567
1786570
918828
918831
918832
918833
918865
1782270
913359
918906
918907
1786645
1786649
918937
918951
918954
1786682
918971
1786695
918980
918981
918982
1786764
919110
1786845
919174
919179
919181
1786899
919382
919397
919403
1787067
919495
919496
919497
1787130
1784416
919534
1787144
919542
919575
1787672
920203
920220
1787694
1787707
920251
1787717
1787719
1788841
1788856
1788865
1788979
921860
921875
922546
922547
922553
922569
922580
1789639
1789645
922662
1789659
922674
1789668
922682
922686
922696
1789743
1789764
922811
1789779
1789780
922836
922861
922864
1789821
1789827
922887
922889
922895
1789846
922907
1789862
1789867
1789870
1789875
922949
1789889
1789896
1789911
1789912
1789914
923017
1789948
923041
1789962
923054
923059
1789976
1789982
1789993
1789998
923095
923099
923146
1790059
923168
1790072
923203
923209
923212
1790097
1790098
1790100
1790101
923231
923234
1790125
923254
1790138
923274
923275
1790150
923294
923297
923299
1790182
1790190
923332
923340
1790210
1790211
1790212
923375
1790228
923383
923388
923395
923397
923398
1790247
1790250
923418
916025
915146
1790297
923473
923474
1790313
1790317
1790325
923505
1790332
923514
923518
1790381
923586
923603
923608
923612
923622
923629
923632
1790455
1790461
1790462
1790463
923677
1790470
923684
1790476
923689
923700
1790495
1790500
1790518
923740
1790522
923746
1790529
923759
923762
1790542
923772
1790555
1790562
923793
923799
1790570
923830
923831
923843
1790606
923856
923857
923858
923865
923872
923875
1790647
923921
923936
1790678
923964
1790699
1790709
923981
1790726
924032
924033
924036
924039
924053
924058
1790786
1790795
924091
924092
1790803
1790811
1790819
924114
924115
924128
924140
924145
924153
1790854
924161
924162
1790866
1790869
924175
924180
924187
924199
924209
924217
924220
1790907
924239
1790926
924251
1790933
924257
1790952
924281
924292
924315
1790987
1790988
924334
924337
1791007
924376
1791035
924401
924403
924409
924416
1791074
924438
1791090
1791094
924457
1791102
1791122
1791127
1791130
1791139
1791147
924531
924536
924538
1791177
924568
924577
1791194
1791199
924588
1791208
924604
924605
924632
1791250
1791255
1791262
1791263
924664
924683
1791278
924702
924708
1791323
924755
924760
924765
1791352
1791353
924788
1791362
924837
924843
924844
924859
924866
1791438
1791442
924892
1791451
924909
1791465
924920
924926
924934
924935
924936
924938
924939
1791484
1791493
1791503
1791508
1791518
924996
1791532
925008
925015
1791549
925028
1791554
1791555
925049
925054
1791579
1791590
925075
925077
1791621
925120
1791629
925133
925140
925149
925150
925158
925171
925172
925182
925183
925189
1791717
925237
1791730
1791731
925279
925280
925303
1791775
1791785
1791788
925352
1791819
1791824
1791831
925375
925387
925400
1791857
925410
925420
925428
1791896
1791906
1791917
1791920
1791922
925491
1791928
925506
925509
1791946
925521
925530
925589
925602
1792017
925616
1792028
925622
1792044
1792045
925656
925668
1792070
925679
1792083
925691
925696
925710
925724
1792116
925731
925740
925745
925761
925773
1792167
1792172
925817
1792190
925821
1792210
1792226
925901
925910
925923
1792280
925949
925963
925973
1792318
1792328
926012
926014
1792347
926022
1792357
1792359
1792375
926052
926053
926065
926067
1792388
1792397
926085
926088
926089
1792406
1792413
926123
926135
1792478
1792481
1792488
926198
1792497
926205
926207
926210
1792504
1792511
1792513
926237
926258
926265
926270
926278
1792559
926289
1792571
1792572
926311
926314
1792592
1792593
1792595
1792597
926329
926332
926351
926361
1792630
926372
926384
1792645
926389
926391
1792654
1792655
926401
926411
926414
926418
926421
926432
926442
926444
1792691
926461
1792704
926480
1792724
926486
926513
926518
1792763
1792765
1792775
926549
926551
926553
926561
926572
1792796
1792797
1792798
926579
926600
1792822
1792831
926623
1792855
926655
926682
1792891
1792893
926696
926698
1792901
926712
1792920
1792924
1792928
926753
1792946
926766
926768
926778
926779
926783
1792970
919689
919704
1787294
1787303
1787340
919801
1788144
1788372
921168
1788453
921409
1050922
1050987
1051050
3083
3087
3159
1051122
3193
3194
3321
1051327
3421
3499
3507
1051412
3528
3533
3541
3553
1051443
3579
1051503
1051504
1051518
3655
3679
1051548
3701
3702
3714
1051583
3735
1051586
1051609
3766
3786
3791
1051632
3831
3838
3846
1051677
3871
1051705
1051707
1051709
3900
3903
3921
1051743
3940
3969
3970
3972
3973
3996
3997
1051808
4024
1051820
4030
1051826
1051827
4038
1051831
1051835
1051844
4055
1051852
1051861
1051871
4106
4112
4116
1051906
1051910
4143
4151
1051919
1051927
4231
1051984
1051986
4241
1051994
1051995
4253
4279
1052024
4306
4341
4343
4344
4359
4376
1052114
4411
4413
4418
1052132
1052134
4426
1052140
4457
1052167
1052170
4467
4485
1052193
4495
1052195
4509
4515
1052212
4539
1052232
4560
4562
1052248
1052251
1052265
1052284
1052290
4615
1052294
4623
4646
4648
4658
4661
1052326
4666
4667
4678
4688
1052351
4697
4700
1052364
1052366
4712
4718
4743
4773
4788
4791
4822
4828
4833
1052468
4844
1052482
1052487
1052492
1052493
4870
4877
4879
4883
1052510
1052512
4921
4950
1052592
1052597
1052602
5007
5009
1052612
1052616
1052625
1052627
5053
5064
5075
1052661
5095
5108
1052691
5131
5132
1052707
1052708
5143
1052730
5202
5225
5239
5244
5246
1052806
5284
5285
5293
5296
1052844
5314
1052856
5336
5345
5358
5360
1052888
1052890
5375
1052905
5411
1052925
1052930
1052931
5448
1052957
5464
5483
5484
5487
5507
1056434
1056438
9798
1056465
9833
9840
9844
9849
1056508
1056509
9879
1056524
9892
1056527
1056537
9921
1056548
1056557
9943
1056575
9962
1056587
1056590
1056594
9977
9993
1056617
10028
1056638
10062
1056673
1056709
10144
1056729
1056735
10180
1056778
10235
10241
10293
10366
1056917
1056937
1056938
10433
10444
1056981
1056982
1057000
1057016
1057023
10527
10528
10534
10535
10547
1057055
1057058
10589
10598
10615
10623
1057119
1057135
1057148
1057153
10685
1057157
10696
10700
10702
10737
10738
1057212
1057214
10771
10784
10791
1057246
1057249
10818
1057265
10822
1057297
1057315
10882
10891
10896
10898
10900
1057332
1057336
10939
1057381
10982
1057409
11006
1057437
11044
11054
1057456
11076
11080
1057476
1057480
1057485
11094
1057486
1057488
1057494
1057507
11119
11124
11125
11133
11144
11154
1057552
1057569
11204
11217
11219
11226
11229
11233
1057600
11273
11278
1057635
1057639
1057641
11290
11318
11329
1057681
11351
1057703
1057710
11379
11388
11403
11405
1057737
11421
1057746
11424
11432
1057763
11443
1057768
11450
11452
1057782
1057795
11484
11489
1057801
11509
1057824
1057845
1057846
11557
11564
1057870
11573
1057874
11607
11611
11640
11673
1057956
1057957
11684
11704
11707
1057998
1057999
1058010
1058034
11815
1058076
11839
11850
11861
1058107
11878
1058120
1058150
1058152
11926
11935
11942
1058171
10128
11972
11982
11988
1058203
12016
1058226
1058271
12397
1058533
12402
1050914
1053018
7302
926807
926810
926830
1793018
1793024
1793028
926871
926874
926876
1793039
1793050
926893
926899
1793070
926915
1793072
926935
1793089
1793095
1793097
926961
1793115
926977
926990
926991
1793132
926996
1793136
1793150
1793160
927032
927050
927059
927076
927081
927085
927090
927091
927106
927114
1793253
927159
927162
927168
927172
927175
1793279
1793293
927193
1793298
927200
927229
927235
927259
1793345
1793354
1793358
927276
1793372
927298
927305
927307
1793395
1793402
927331
927349
927369
927381
1793448
927395
927412
927433
1793487
927439
1793492
1793496
1793499
1793504
927467
1793513
927469
927473
927487
1793529
927490
927499
1793552
927519
1793556
927536
1793568
1793570
1793574
927547
1793576
1793579
927555
927559
927576
927602
1793633
1793634
1793640
927632
927638
927639
1793651
927672
927673
1793692
927697
927717
1793717
927737
1793732
1793735
1793753
927806
1793787
927822
1793798
927852
927871
1793846
927886
1793857
1793897
927952
1793903
1793915
1793928
927986
1793935
927994
927997
928001
928028
1793964
928029
1793965
1793967
928039
1793977
1793979
928052
928073
1794006
928091
1794026
1794034
928124
1794055
1794065
1794077
928188
928201
1794102
928220
1794138
928255
1794146
928270
1794162
928281
928291
1794185
928307
928308
928316
1794195
1794205
928342
928348
928372
928373
928382
928383
1794249
1794264
1794275
1794279
1794280
928426
1794286
928436
928448
1794322
1794340
928502
928515
928517
928521
1794371
1794379
928548
928550
1794388
928565
928566
928572
1794410
1794414
928595
928597
928622
928624
928625
928632
928634
928645
1794473
1794478
1794483
1794484
1794488
928700
1794507
928707
928728
1794528
928735
928753
928781
1794569
928789
928799
1794609
928857
928860
928880
1794672
1794674
1794684
928931
928935
928941
928947
1794703
928954
1794723
1794728
928983
928986
928988
1794733
928999
929011
1794754
929034
929045
1794799
929071
1794815
1794827
929121
1794842
1794843
1794846
1794848
929130
929133
929134
1794879
929171
929177
929186
1794895
1794896
1794914
929219
1794919
929230
1794936
929240
929257
1794954
929270
1794970
929286
929290
1794983
1795007
1795017
929348
929354
1795029
1795051
929385
1795058
1795063
1795066
1795067
1795068
1781741
1781755
1781756
1781763
912858
912859
912880
1781798
912910
1781810
912921
1781821
912934
1781841
1781845
912975
1781863
912980
1781872
1781888
1781891
1781898
1781908
1781910
1781911
913044
1781931
913079
913087
913099
1781960
913109
1781969
913120
913131
1781996
913145
1782008
913176
913187
1782031
913201
1782048
1782059
913234
913275
1782109
913286
1782123
1782138
1782141
1782161
1782166
1782181
1782193
1782204
1782208
913412
1782220
1782244
1782245
913452
913455
913467
913484
1782300
1782307
913545
913549
913551
1782327
913552
1782333
1782341
913573
913575
913592
913593
1782366
1782394
913649
1782409
913658
913684
913896
915132
915209
1783662
915392
915404
915465
915470
915507
915532
915566
915584
915587
1783982
915623
915629
915637
1784026
915668
1784040
915694
1784049
915713
915715
1784068
915740
1784145
915832
1784165
915841
1784177
915867
915870
915903
1784234
915929
1784236
1784239
915934
1784243
915950
1784254
915964
915970
1784275
915980
1784282
915995
916011
916015
916022
916034
916082
1784366
916103
916121
1784392
916126
1784398
1784409
916146
1784427
916180
916195
1784455
916207
1784464
1784465
1784467
916229
916244
916253
1784539
916314
916320
916333
1784560
916336
916346
1784581
916369
916383
1784600
916406
916410
916417
1784628
916421
1784666
1784677
916491
1784688
916506
916509
916523
1784720
1784725
916552
1784765
916598
1784774
916645
1784982
917040
917078
1785172
917176
917207
1785279
917230
1785284
1785354
917333
1785368
1785385
917362
1785429
917436
1785458
917453
1782639
913964
1782879
1782906
914271
914314
1783448
929424
929437
929443
1795102
929459
929466
929479
1795131
929489
1795141
1795143
929506
1795166
929540
929559
1795193
929560
929573
929580
929586
1795215
929606
929610
929614
1795237
929617
929619
929624
929629
929637
1795272
1795277
929667
929675
929690
1795300
929699
1795320
929725
1795331
929734
1795341
929746
1795345
1795356
929773
929792
1795391
929811
929826
1795415
1795416
1795432
929862
1795444
929883
929888
1795457
929902
1795469
929905
929907
929958
929966
929973
1795529
1795553
930012
1795559
1795560
930028
1795570
930179
1795700
1795707
930207
930224
930233
930234
1795736
1795741
1795743
930246
1795756
1795760
1795769
930278
930282
1795789
1795791
930308
930310
930311
930314
1795800
930319
930327
930334
930370
930372
930385
1795866
1795873
1795880
930424
930434
930438
930439
930441
930466
1795922
930472
930476
930484
930491
1795946
930502
930505
930513
1795964
930521
930526
1795974
1795981
930548
1795992
930555
1795994
930589
1796026
930610
1796038
930626
930646
930650
930651
930654
1796102
1796105
930696
930702
1796121
1796125
1796126
930722
930729
930737
930753
1796155
930767
1796166
1796168
930774
930776
930777
930784
1796181
930789
930792
1796182
930802
930806
930809
930810
930816
930821
1796208
1796209
930826
930829
1796226
930848
1796234
1796235
930856
930884
930887
930906
930910
930915
930917
1796286
1796291
1796297
1796299
930935
930948
930956
930969
1796330
930973
1796341
930990
1796370
931051
931053
931063
1796430
931106
931131
1796461
931136
1796468
931150
1796477
931177
931197
1796511
1796516
1796519
1796525
931226
1796539
931258
931259
1796591
1796659
931385
1796664
931418
931446
931449
1796715
931467
1796732
931477
931481
1796763
1796773
931528
1796789
1796810
1796839
1796846
931718
1796932
1796933
1796934
931730
931752
1796973
931777
931787
931791
931797
1796995
1797013
931846
1797038
931879
931898
1797084
931920
1797092
931925
1797095
1797096
1797112
931954
931957
931958
931972
1797139
931986
1797157
1797161
1797168
932019
932031
932039
932040
1797207
1797307
932258
932259
1797365
1797370
932274
1797378
932337
932356
1797443
932367
932372
932377
932384
932388
932400
932403
1797481
1782914
1797488
932430
932431
932435
1797506
1797509
932456
932463
1797535
1797539
932481
1797543
1797544
1797547
932504
1797565
1797573
932528
932545
932548
1797610
1797616
1797623
1797625
932598
932599
1797640
1797641
932607
1797657
932634
932651
932653
1797682
932665
1797691
932678
1797699
1797722
932715
932722
1797738
932735
1797817
1797818
1797821
932860
932865
932875
1797875
933004
933009
1797970
933030
933032
933107
933158
933303
1798265
933398
933424
933426
933427
933429
1798428
933600
1798443
933622
1799424
934829
1799555
935090
1799755
1799758
1799774
1799779
1799783
935324
935330
935427
1799920
935441
1799925
935457
1799937
935475
935479
1799953
935491
935502
1799966
1799973
935522
1799984
1799986
935535
935538
1800007
935564
935570
935575
935581
1800044
935600
935606
935607
935611
935613
1800060
1800066
1800069
935632
935639
1800097
1800121
1800135
935714
935730
935732
935740
935752
1800178
935771
1800183
1800206
1800211
935816
1800228
935831
1800242
935843
935844
935861
1800267
935876
1800276
935887
935890
935894
935897
1800285
935910
1800298
935915
935921
935922
1800309
935929
935936
935944
1800327
1800334
1800344
935976
935990
936004
1800375
936015
1800380
936021
936029
936032
936046
1800412
936058
936087
936099
1800464
936142
1800496
1800499
936168
936172
1800518
936190
936208
936221
1800544
936224
936233
1800571
1800574
936299
936301
936304
1800612
1800619
936315
936319
1800623
936327
1800634
936335
1800637
1800650
936352
936357
936363
1800666
936375
936376
936380
936395
1800686
1800689
936425
936429
1800713
1800722
936444
936456
1800735
936463
936472
936478
1800760
1800763
936516
936536
1800802
936545
936547
936557
936566
936576
1800832
936582
936585
936600
936603
1800859
1800860
936628
936630
936632
936654
1800894
1800896
1800904
936670
1800915
936684
1800924
936691
936694
1800955
936734
936738
936743
1800998
1801023
936826
1801033
936834
936835
936839
936843
936857
936862
1801058
1801065
936881
936883
1801081
936893
936903
936910
1801113
1801122
1801127
1801128
936953
936958
936991
936995
937001
937002
1801178
937044
1801212
1801221
937088
937101
937112
937122
937129
937144
937145
1801293
937159
1801310
1801312
1801323
937192
1801326
937203
937208
937211
1801342
1801346
1801370
1801374
937277
937289
1801411
1801420
937314
1801429
937334
937349
1801461
937363
1801475
937395
1801489
1801497
937420
937421
937433
937437
937442
1801570
937497
1801609
937572
937574
937578
1801655
937604
937606
1801659
937616
937628
1801702
1801709
937673
937678
937697
937710
1801742
1801756
937735
937761
937762
1801791
1801794
937787
1801802
1801805
1801812
1801838
937835
1801843
1801853
938173
1802148
938225
1802177
938253
938257
938349
1802265
938363
1802266
1802283
938386
938390
938406
938408
938410
1802303
938416
938420
1802321
1802344
938465
1802364
1802366
1802383
938513
1802396
938532
938533
939005
939019
939049
1802825
939068
939073
1802839
939104
1802889
939148
1802897
1802904
939169
939202
939209
1802949
1802966
939243
1802974
1802976
939252
939266
939284
939297
939316
939320
1803049
939348
1803069
939371
939383
939393
939409
939412
939428
1803123
1803133
1803141
939453
939466
939471
1803156
1803158
1803163
1803166
939497
1803183
939508
939552
1803219
1803222
939586
1803254
1803256
939613
1803271
939643
939653
939674
1803318
939681
939694
1803338
939703
1803347
1803349
939728
939729
1803362
1803369
939745
939747
939749
1803381
1803390
1803407
939787
1803410
939790
939795
939815
1803434
1803446
939849
1803459
1803464
939866
1803474
1803490
1803491
939891
939944
1803535
1803544
1803548
939968
939972
1803560
1803603
940031
940037
940039
940046
940064
1803648
1803651
940089
940736
1804191
1804195
1804196
940779
1804257
940843
940863
1804291
940887
940894
940905
940934
1804351
1804360
940982
1804386
941026
941049
941054
941063
1804441
941111
1804494
941139
941192
941213
941221
1804570
941384
941385
1804751
941469
941476
1804774
941504
1804801
941517
941521
941522
941561
1804839
941571
941591
1804859
941613
1804899
1804903
941650
941677
941684
941717
941722
941724
1804967
1804986
1805021
1805036
1805038
941816
941818
941819
941823
942131
1805295
942238
942243
1805428
942338
942341
1805464
942350
1805505
942528
1805612
1805614
1805619
942566
1805647
942577
942585
942587
942629
942632
1805698
1805709
942663
1805718
942665
1805721
942673
942679
942680
1805731
942683
942849
1805930
942934
1805944
1805947
1806003
943030
943088
943102
943111
943116
943118
1806088
1806096
943140
943149
943162
943163
943174
943175
1806131
943182
943191
943196
943203
1806153
1806158
943214
1806180
1806185
1806187
1806197
1806219
943295
943297
943300
1806236
1806268
1806277
943406
943491
943493
943503
1806391
1806399
1806410
943532
943533
943534
1806421
943538
1806424
943544
943548
1806429
943558
943559
943574
1806462
943599
1806472
943657
1806519
943717
943781
943788
943811
1806641
1806678
943866
943911
1806721
943937
1806801
1806804
944017
944041
1806837
944140
1806904
1806909
944164
1806942
944241
944249
944269
944271
1807013
944281
1807028
944298
1807044
1807048
1807059
1807062
1807065
1807077
1807084
944385
934604
938550
1802417
1802749
940656
1804108
1804112
1058537
3176
1058539
12421
12425
12431
1058557
12432
12433
12436
1058564
1058566
1056781
1058579
12482
12485
1058793
1058831
1058832
1057952
10312
1056927
10291
1058857
10407
1058867
10408
1058873
1053811
1053274
1058885
12857
12859
1058904
12872
1058918
1058919
1058936
1058945
2910
4317
12945
4349
1059088
13103
10277
5848
1053275
4481
3103
1059136
1059137
4266
13161
1058235
13167
12028
13174
1059159
13201
13203
13211
1059188
13216
1059194
13219
1051406
2993
13228
13237
13242
1051409
1059226
13263
1059230
1059236
1059238
13282
13296
13300
13301
1059260
1059263
13313
13318
1056811
1059274
1059279
1059283
1059288
1059289
13338
2978
2977
13366
1059318
13377
1059328
13391
1059336
1059339
1059342
13415
13417
2985
1059369
13439
1059374
1059381
1059385
1059391
13477
13480
13484
1059406
13504
13514
1059440
13535
1059450
13541
1059461
13573
1059481
1059503
10929
1059507
10926
13632
1059549
3155
13676
1050977
1050937
1057302
1059592
1050919
1059602
1058098
13880
13898
1059749
1059751
1058262
1059781
8268
1056145
1059803
3156
14014
1059834
1059837
15906
15914
1058071
1057992
16041
5104
4362
1054380
7215
1058240
1056748
1061492
11576
16095
16096
16099
1061505
1061510
1061511
16175
1061563
1061564
1056725
1061613
4555
16331
3304
1056744
1061707
16355
1061721
12048
16377
1058248
16380
1061733
16402
1061778
16451
16465
11281
4180
1061938
16644
4175
1051939
4185
1061958
1061961
16680
16682
1061972
4009
1052066
16693
1061987
1062010
1062013
16739
16747
4283
16755
16770
1062049
1060475
986487
986488
1840939
1840941
986499
986525
986526
986549
986551
986569
9763
1056425
1841006
1841007
986595
1843873
917561
1785652
1785664
1785665
1785666
916143
1785698
917751
1785702
917764
1785735
1785742
1785770
1785772
1785778
1785780
917852
1784679
1784555
917869
917871
1785804
1785814
1785823
1785826
1785828
917909
1785839
917930
917945
917949
1785861
917952
1785863
917976
917993
1785892
916451
1785901
1785903
918012
1785910
1785914
1785928
918068
918074
918082
918085
918087
1785968
918088
918093
1785978
918102
1786015
1786028
918161
918163
918166
918168
1786054
918194
918202
1786070
918213
1786077
1786084
918230
1786087
1786091
918254
918262
1786128
1786152
918311
1786166
918355
918375
918387
918407
918411
918435
918457
1786278
1786284
918485
1786348
1786352
918565
918569
918592
1786379
1786391
1786401
1786402
918622
1786448
1786454
918684
918690
918705
1786473
918709
918727
918732
918770
1786536
1786537
918784
1786540
918799
1786560
1786561
1786564
1786575
1786579
918845
912824
1786591
1786607
918875
918880
918899
1786631
1786641
918920
1786659
918942
913564
1786676
1786678
918961
1786710
919027
1786804
919165
919177
919193
919194
919207
919217
1786905
919395
919460
919459
1787081
1787087
1787091
919490
920186
920188
1787673
920208
920210
920232
920236
920249
916375
921628
1788822
1788830
921688
921808
921811
1788980
921831
921832
1789023
921878
1789024
922502
922513
922525
1789547
922533
922545
1789558
1789564
922629
922660
1789664
922677
922679
1789672
1789680
922782
922784
922785
922802
922808
1789772
1789775
1789785
1789787
922838
922858
922860
922867
922868
922893
1789853
922936
922939
922958
922959
922971
922973
922975
922984
922995
922999
923012
1789939
923021
1789947
1789967
1789970
1789973
923066
1789980
1789985
923088
1790023
923156
923170
1790063
923174
1790073
923217
1790114
923235
1790116
1790117
923243
1790140
923296
923304
923326
923334
923338
1790198
1790213
923360
1790223
923386
923426
1790268
923440
923451
923461
923464
1790307
1790308
923486
1790323
923499
923507
1790333
923510
1790346
1790347
923544
1790369
923561
923562
1790379
1790383
1790393
923604
923623
923627
1790436
1790437
923639
923649
923651
1790457
1790474
1790482
1790484
1790490
923705
923716
1790512
923730
1790521
923754
923777
1790551
1790559
923792
1790571
923815
923824
923829
1790592
1790595
1790603
923855
1790613
1790636
923891
1790644
1790646
923913
1790660
1790663
1790665
923929
923930
1790675
923949
1790706
1790712
923984
923990
1790723
923996
924010
1790740
1790745
1790746
1790747
1790752
1790756
924042
924046
924054
924056
924059
924077
924082
1790799
1790810
924103
1790825
1790830
1790837
1790850
924171
1790875
1790877
924190
1790882
1790905
924232
924272
1790953
924283
924299
924342
1791009
1791010
924383
1791038
1791042
1791044
924394
1791072
1791076
924439
924446
924454
924453
1791093
924465
1791113
1791128
924499
1791133
924508
1791151
924532
924535
924541
1791176
1791190
924580
924581
924583
924584
1791200
924621
924628
924635
1791246
924662
924677
1791273
924687
924688
924720
924733
1791318
1791322
924743
1791326
924751
924757
924774
1791354
924787
1791372
1791379
924813
1791395
924851
924858
1791435
1791436
924907
1791458
1791463
1791466
1791469
1791471
924932
1791481
1791482
924940
1791496
1791499
1791501
924967
924969
1791512
1791513
924979
1791517
924982
924984
1791533
1791547
925022
925034
925037
1791575
1791580
1791581
1791587
1791594
925083
925086
925090
925097
1791614
1791617
925123
1791637
1791643
925145
925152
925154
1791659
925162
1791661
925165
1791667
925215
915661
1791707
925239
1791729
925250
1791733
925285
925288
925306
925322
925333
1791801
925343
1791811
1791828
1791829
1791837
925393
1791868
925418
1791879
925434
1791889
1791891
1791907
1791916
925483
1791923
925490
925524
1791964
1791965
925541
1791976
925570
925573
925575
1792021
1792027
925620
1792050
1792051
1792072
925681
1792085
925688
1792092
925699
1792097
1792102
1792107
1792108
925721
925727
1792125
1792136
925755
1792140
1792147
1792152
925778
1792162
1792163
925789
1792177
925807
1792193
1792194
1792199
925841
1792211
1792218
1792229
1792236
1792251
1792257
1792259
1792260
925914
1792267
1792270
925922
925925
1792295
1792297
925969
1792311
1792322
1792332
925999
926007
1792346
1792350
926028
926042
1792368
1792384
1792393
926077
926078
1792405
926097
926129
926136
1792452
926149
1792474
926174
926176
926188
926214
926222
1792515
1792520
926236
1792526
1792543
1792544
1792546
926261
926271
926281
1792562
926284
926293
926304
926313
926324
926335
1792605
1792613
926347
926369
926374
926407
926419
926435
926445
926465
1792708
926471
1792715
926487
926495
1792738
926541
926542
1792777
1792779
926554
926563
926570
1792808
1792814
1792823
1792826
926617
926638
926652
1792866
926661
926673
926678
1792882
1792907
926715
1792925
1792932
1792934
1785459
926760
1792953
1792954
1792960
1792972
919650
1787238
1787239
1787270
1787277
919709
919733
919735
1787356
1788134
1788613
1788761
1050924
2961
1050970
3007
3031
3143
1051109
1051118
1051139
3279
1051247
1051288
1051296
1051426
3539
3542
1051441
1051442
3558
3569
3570
3578
1051478
1051487
1051507
3642
1051530
1051532
1051544
3686
3694
1051556
3703
1051561
3720
3724
3729
3767
3771
1051618
3781
1051621
3788
3818
1051657
3824
3827
1051678
1051702
3881
3885
1051723
1051725
3918
1051741
1051759
3949
1051788
3992
1051817
1051825
4036
1051833
4063
1051854
4075
4090
1051882
4148
4163
4173
4179
4187
4189
1051949
4198
4214
4216
4221
1051975
4236
1052002
1052009
1052021
4278
4286
1052035
4302
4321
1052074
1052080
4355
4398
4416
1052138
1052141
1052154
4463
4499
4505
1052206
4517
4542
4548
4567
4568
1052252
4575
4581
1052262
4591
1052282
4625
1052310
4650
1052322
4659
1052328
1052332
4669
1052334
4687
4703
1052373
4723
1052401
1052408
4762
4774
1052428
1052447
1052452
4823
1052459
4829
4834
4837
1052470
4855
4857
4869
1052501
4881
4888
1052515
1052524
1052538
4929
1052545
4949
4957
4965
1052590
1052595
1052608
5015
5026
5030
1052623
5039
5047
5048
5057
1052644
5066
5079
5094
5103
5105
5107
1052683
1052686
5115
1052693
1052710
5171
1052732
5179
1052748
1052750
5219
5237
1052784
5241
1052788
1052800
5276
1052816
1052832
1052835
5300
1052838
1052839
1052842
1052843
1052851
5332
1052863
5341
5344
1052875
5377
5379
5380
1052903
1052904
5390
5399
5402
1052926
5423
5426
1052940
1052950
5449
5456
5473
5480
1052986
5490
1053000
5512
5514
9774
9778
1056441
9786
9787
1056466
9823
9828
9829
9856
9871
9886
9893
9908
1056549
9922
1056550
1056555
1056560
9942
1056573
1056580
9971
9973
9978
1056598
1056599
10021
10026
1056636
1056641
1056645
1056652
1056661
10065
10079
10145
10179
10233
1056831
10270
10327
1056887
10359
1056904
10383
10384
10390
10395
10400
10410
1056931
1056934
10417
1056943
10427
10430
1056948
10435
1056954
1056957
10445
1056963
1056972
10461
10483
10488
10490
1057011
1057037
1057047
10564
1057068
10586
1057084
1057088
10617
10619
10629
1057121
10652
10665
1057142
10669
10674
1057152
1057159
10694
10733
1057203
10746
10769
1057232
1057233
10787
1057243
1057244
10795
10805
10811
1057276
10853
10883
1057329
10913
10912
1057358
10960
1057378
1057384
10974
1057390
10986
10993
1057406
1057408
1057415
11031
1057460
11064
11083
1057481
11116
11128
1057518
1057522
1057525
11170
11177
11190
11197
11203
1057578
1057584
1057588
1057591
1057594
11239
11242
11243
11247
1057607
1057619
11271
11280
11286
11294
1057650
11314
11321
11334
1057679
11341
1057692
11357
1057700
11368
1057705
11387
1057723
1057724
11410
1057739
1057740
11415
1057741
11436
1057767
1057776
1057778
1057781
1057791
1057792
11483
11488
11492
1057803
11493
1057806
11498
1057809
1057817
1057834
11566
1057880
1057890
11614
1057909
1057914
11629
1057916
1057922
1057927
11660
1057961
1057969
11714
11718
11720
11728
1058018
1058020
1058021
11769
11786
11798
1058075
1058093
11855
11862
1058103
11867
1058110
1058132
1058140
11914
11918
1058164
11944
11955
1058180
1058194
11983
1058200
1058209
1058215
12005
1058218
12014
12021
12060
12072
1058280
1058473
1058535
2893
2923
5523
1053579
6509
926795
926798
1792976
1792977
1792982
1792992
926826
1793025
926862
926865
1793035
926889
926903
1793067
926919
926924
926925
1793078
926926
1793088
926940
926943
926956
1793108
926973
1793126
926993
1793133
926998
927010
927011
1793156
1793159
1793166
927048
927061
1793186
927094
1793214
1793215
1793217
927102
1793222
1793229
927119
927124
1793242
1793243
1793247
1793255
1793264
927183
927187
1793295
927195
927197
927213
927224
927230
1793330
1793337
1793355
927273
927277
927282
1793365
927314
1793393
1793397
927323
927332
927342
927350
1793434
927371
1793436
927394
927399
1793460
1793476
1793477
1793486
1793501
1793535
927498
1793539
1793546
1793559
927525
1793564
927569
1793617
927601
927604
927609
927612
927615
927625
927640
1793657
927656
927658
1793668
927666
927667
1793694
1793712
927719
1793722
1793733
1793744
1793747
927762
927766
927768
1793758
927779
1793774
1793779
927804
927812
927820
927825
927826
1793809
1793817
927857
927865
1793832
1793845
927887
927903
1793873
927928
927932
1793887
927940
1793912
927965
1793916
927983
928008
1793956
1793960
928025
1793975
928043
928045
928053
928054
928056
1793990
928071
928075
928078
928099
928111
1794037
1794054
928143
928154
1794068
928179
928182
1794092
1794094
928200
1794113
1794114
928234
928251
1794171
928293
928313
928319
928321
1794222
928352
928365
928366
928369
1794241
928381
928400
928402
928424
928437
1794298
1794301
1794304
1794336
928491
1794345
928522
928547
1794395
1794400
1794401
928577
928581
928582
1794409
928584
928589
928600
928614
928637
928653
1794481
928686
1794498
928704
1794510
1794513
928718
1794521
1794524
1794532
928737
1794543
928751
1794553
928763
928765
1794563
928779
1794567
928782
1794572
1794573
928801
1794586
1794588
928814
928818
1794599
928844
928851
928865
1794643
1794646
928888
928894
1794661
928902
928910
928919
928922
928923
928953
928961
1794714
1794718
928974
1794737
928998
1794742
1794748
929005
929009
929028
1794770
929035
929036
1794781
1794784
1794797
1794809
929096
1794823
929127
1794847
1794853
1794859
929148
1794872
1794897
1794908
929211
1794916
929237
1794941
929260
1794974
1794986
929306
929314
929341
929346
929356
929360
929372
929374
929395
929404
929407
912840
1781758
912847
912863
912871
912873
912879
912888
1781794
912913
912914
912926
912927
912931
912935
1781830
1781847
912961
1781854
912986
913010
1781896
913027
1781907
913036
1781913
913048
1781921
913063
913064
1781942
1781947
1781950
913092
913119
1781976
913140
1781994
913164
1782021
1782044
913205
913208
1782115
1782117
913293
913301
1782136
913319
913321
1782163
913358
913365
1782221
913434
913436
1782237
1782241
1782249
913477
1782274
913490
1782282
1782293
1782298
1782306
913525
1782320
1782323
913550
1782349
913594
913618
913619
1782384
1782387
1782392
913637
1782401
1782411
1782414
913664
913668
913671
913672
1782434
1782507
913888
913895
915147
1783656
915362
915372
1783808
915395
1783819
915421
915424
915455
1783855
915466
1783865
915478
915483
1783883
1783891
915505
915515
1783910
1783912
1783916
915540
1783929
915547
1783930
915580
915597
1783975
1783990
1783998
1784002
1784022
1784030
915677
1784037
1784039
915706
1784070
1784078
915731
1784094
915763
915765
1784108
915774
1784122
915787
1784127
915794
915799
915806
1784139
915826
1784159
915837
915838
915878
1784200
1784224
915924
915936
915938
915969
915975
1784284
1784288
916031
916036
1784356
1784357
1784358
1784360
916086
916088
916095
916112
1784383
916147
916149
916157
916176
916192
916197
916211
1784469
916226
1784485
916297
1784538
1784547
916327
916345
916349
1784575
916355
916376
916378
916382
1784625
1784636
916461
1784668
1784670
916481
1784681
916484
1784685
916487
916496
1784696
916505
1784704
916532
916548
1784741
916564
1784752
1784766
1784767
916591
1784771
1784866
916781
1784994
917108
917170
917180
1785249
1785273
917220
1785282
917246
917261
1785362
1785424
1782659
1782660
914190
914276
914283
1783451
914969
929427
1795090
929430
929433
1795092
929439
1795105
1795112
1795125
929494
929500
929511
929538
929561
1795195
929565
1795198
929574
929576
1795214
1795219
929607
929612
929616
1795255
1795268
1795269
929680
1795309
929718
1795325
1795330
929736
929748
1795346
929754
1795367
1795369
929789
929807
929810
929820
929828
929830
929847
1795431
929866
929878
1795455
929889
929922
1795490
929933
929939
929943
1795499
929945
929951
1795515
929974
929980
929996
929999
930000
930016
930025
930035
1795578
1795579
1795667
930185
1795711
1795713
930223
1795726
930256
930260
930261
930268
930286
930298
930341
1795845
1795846
930386
1795878
930421
1795889
930432
930440
930442
1795903
930462
930470
1795932
930479
1795936
930487
930494
1795944
930497
930503
1795951
1795965
930536
930549
930565
1796007
1796009
930574
930575
930590
1796033
930606
930614
1796051
1796052
1796065
930660
930675
930677
930687
930709
930712
1796124
930716
1796157
1796172
930817
930832
1796220
930852
930854
1796240
1796244
930872
1796248
1796249
930900
930911
930918
1796288
930923
930950
930965
930972
1796338
930997
1796355
931005
931012
931031
931038
931041
931068
1796412
931075
931084
1796424
931098
1796431
931102
931110
931125
1796457
1796459
931133
931156
1796498
931190
1796505
1796508
1796510
931207
931208
931220
1796543
1796549
931323
1796633
931354
931355
931373
931406
931422
1796693
1796698
1796712
931459
1796721
931463
1796729
1796738
931500
931507
931519
931525
931536
1796793
931582
931604
931607
931609
1796840
931620
931679
931715
931716
931728
1796935
1796959
1796962
931762
1796977
1796983
931790
931820
931855
931867
931871
931896
931902
931903
1797083
1797093
931931
1797122
1797132
932021
932035
932038
1797364
932263
932269
932317
932330
932331
932334
1797431
1797434
932354
1797454
1797468
932395
1797482
932410
1797507
932447
932448
932453
932466
1797538
932503
1797569
932522
1797576
932537
932544
1797592
932546
1797606
932565
1797614
1797635
932615
932630
1797670
932647
932652
1797681
932659
1797686
1797687
1797692
932711
932725
932733
932770
1797850
1797857
932879
932893
1797960
1797961
1797965
933011
1798085
1798294
1798296
933432
933433
933436
1798314
933497
933501
933503
933543
1798427
1798453
1799384
934825
935075
1799628
1799640
1799642
935108
1799652
935261
935298
1799813
935443
1799921
935453
935470
935476
1799950
935484
1799956
1799958
935497
1799971
1799974
935531
935545
1800004
935556
1800021
1800025
935578
1800029
935580
1800035
1800045
1800053
1800055
935616
935627
1800081
935645
1800085
935674
1800108
935711
935717
1800147
935735
935738
935776
935780
935784
935785
935793
935795
935815
935821
1800237
935846
935852
1800265
1800282
1800290
935909
1800295
935917
1800306
935928
1800314
935935
935941
935943
1800323
935946
1800341
1800357
936002
936023
936049
1800408
1800417
1800429
936090
936098
1800452
936113
1800458
936131
936195
1800526
1800535
936218
1800547
936252
1800576
1800582
936272
936297
1800608
936310
936316
936321
1800631
936331
936358
1800663
1800682
936416
936421
1800707
936430
1800715
1800718
936438
936439
936454
936466
1800748
936483
936491
936509
936511
1800784
1800789
936531
936541
1800800
1800806
936550
1800814
1800825
1800831
936590
936599
936604
1800858
936611
1800861
1800863
1800867
936623
1800891
936661
936665
1800903
936676
936686
936692
936697
1800943
1800945
936722
936735
936739
936746
936757
936758
936759
936763
936798
936833
1801043
936854
1801064
1801071
1801073
1801074
936904
1801099
936911
1801102
936924
936928
936931
1801118
1801126
1801130
936951
1801133
1801150
936989
1801167
936997
937017
1801188
1801191
1801193
937050
937052
937054
1801220
1801233
1801237
1801238
937087
937093
937100
1801256
1801261
937119
937132
1801286
937143
1801307
937181
1801321
937189
1801327
1801328
937197
1801334
937215
937230
1801362
937239
937250
937259
1801387
1801394
937279
937300
937301
937312
1801426
1801434
1801439
1801440
937342
1801474
1801479
1801490
937400
937412
937415
937422
937423
1801518
937445
1801528
1801533
937452
937454
937455
1801538
1801543
937480
1801565
937493
937498
1801580
937510
937513
937537
937545
937551
1801653
1801669
1801671
937658
1801700
937670
1801712
937679
1801717
937732
1801761
1801766
937754
1801778
937760
1801779
1801789
937821
1801836
1801845
1801846
1801852
1802034
1802110
1802117
1802129
938211
938212
1802149
938219
1802154
1802161
938262
1802187
938269
1802192
938275
1802203
1802209
1802211
938296
938303
1802257
938356
1802261
938362
1802270
1802280
938383
1802285
938413
1802306
1802325
1802333
938452
1802338
938463
1802348
938466
938478
1802358
938480
1802367
938491
1802375
938504
938507
938534
1802775
939003
1802785
1802789
939047
939057
1802852
939098
1802873
1802877
939133
1802890
939142
1802892
1802893
1802896
1802905
1802908
1802909
939167
1802914
939178
939180
1802923
1802930
939192
939197
1802940
939211
1802954
1802956
939228
939229
939263
939267
1802993
1802997
1803020
1803022
939336
939342
939343
939353
1803063
1803068
939375
1803080
1803082
1803083
939379
1803084
1803098
939415
939418
939423
939429
1803138
939463
1803154
939484
939496
939510
1803187
1803188
1803194
1803262
939608
939622
939626
939631
939648
939669
1803315
939682
1803327
939689
939691
1803336
939755
1803393
939792
939816
939829
939832
939833
939850
939852
939854
939870
939871
1803476
1803495
939897
939912
1803519
939929
1803530
939952
939953
939965
1803556
1803561
1803611
940051
940090
1804179
940749
940766
940768
940773
1804205
940805
1804239
940821
940849
940871
1804284
1804308
1804334
1804336
940948
1804344
1804350
940977
940979
1804383
1804391
941032
1804416
1804429
941056
941116
941117
941122
941123
1804485
1804489
941131
941133
941215
1804558
1804561
941230
941353
941382
941388
1804752
1804754
941481
1804775
941490
1804781
941501
1804800
941526
941529
941539
1804819
941553
1804835
941564
1804841
941568
1804843
1804849
941589
941601
941603
941638
941646
941661
941685
941689
1804943
1804949
1804954
1804960
1804961
1804965
941728
1804970
941734
1804989
941793
941799
1805026
941814
1805041
1805051
942137
942139
1805389
942348
1805465
942352
1805489
942410
1805518
942515
942522
1805616
1805623
1805625
1805639
942579
1805655
1805670
1805681
942628
1805696
1805700
942639
942664
942676
1805728
1805883
1805897
942916
942950
943025
1806008
943038
1806054
1806059
943097
943108
943113
943124
1806092
1806093
1806113
1806115
943158
943159
1806117
943181
1806136
1806151
1806161
943218
1806189
1806193
1806196
943264
943265
943276
943277
943294
943304
943305
1806237
1806243
943341
943357
943373
943381
943508
943529
943545
943549
1806432
1806443
1806444
1806452
943581
1806471
1806479
943616
943620
1806488
1806489
943629
1806507
943646
1806508
943649
943659
943776
1806620
1806621
943813
943859
943869
943881
943891
943909
1806728
1806730
1806769
1806771
944016
944022
1806822
944072
944087
1806902
944153
944162
944166
944188
1806957
1806967
944222
944224
1806998
1806999
944267
944292
1807027
944297
1807037
944310
944339
1807070
1807074
1807104
1807108
944395
944396
933977
934062
1799111
938546
940647
1804107
1804114
940668
3173
1056777
1058540
1058541
12399
12427
12439
12445
1058580
1058582
1058586
12483
1058598
1058517
1058532
1058531
12385
12729
12773
4482
1058848
12792
12796
12807
1056930
1058866
12824
10287
10256
1058881
5855
1058882
1058891
1058893
12850
12852
1058899
3032
1058906
12875
12904
1051254
12919
12925
1058967
1058971
12948
1058974
1058978
5842
1059099
13101
1052016
3264
13150
1059138
13162
1058231
13178
13199
1059183
13231
13238
1059219
1059220
13252
13265
1056746
1059242
5408
13287
13294
1059254
1059256
1059264
1059265
1059270
1059280
3129
13353
13375
1059322
13380
13383
13389
1059330
2962
10252
13425
1059364
1059366
1059371
13451
13455
13460
13463
9568
13472
13478
1059407
13495
2913
1059435
13520
1059446
1059447
13551
1059480
1059482
13578
1059484
13585
13589
1050905
1059499
1059509
13616
1059519
13631
13635
1059535
13644
13656
1059553
3163
13679
13681
13691
13693
13694
13695
1059585
1059586
1050959
1057837
13955
10873
13993
13997
1057354
14001
14004
14005
1059836
9578
14037
11840
15909
1061348
15920
1051337
1052049
1052241
4708
5363
11830
1061480
1056513
1057850
12356
16120
1061541
16176
16189
1056817
16191
1058122
3980
1061692
16346
4931
1056996
1056892
4916
7521
1061706
2960
16370
11812
16378
16390
16393
1061771
16444
16445
16461
3434
4479
11326
16646
4177
16654
16657
1061956
16667
16672
16675
1051930
16704
1061995
1052175
16719
1062042
3812
16778
16783
986518
1840961
986524
986537
915503
917680
1785649
917716
1785672
1785675
917720
1785678
1785686
917761
917762
916173
917784
1785731
917795
917796
1785740
1785746
1785751
1785764
1784693
917897
917898
1785825
917921
1785837
917938
1785893
1785902
918014
918019
1785921
918045
918051
1785944
918063
1785955
1785965
918091
1785973
918120
1785996
918128
918147
918153
1786023
1786024
918173
1786055
918192
918222
1786082
918226
1786094
1786110
918295
1786154
1786155
1786162
918327
918331
918343
918350
1786185
1786189
918359
1786210
918399
1786240
1786251
918437
918445
918463
918478
1786303
1786316
918563
1786363
918582
918597
918608
918621
1786406
1786407
1786423
918650
918659
918662
918669
1786466
918701
1786484
918728
918750
918776
1786538
1786539
1786544
1786558
1786559
918815
918817
1786576
1781739
918872
918877
1782661
1786648
918925
1786680
919112
1786844
919169
1786850
919185
1784309
919214
919218
1786896
919229
919351
1787019
919396
919442
919465
1787118
919519
920190
920195
1787682
920209
1787698
920231
1787710
1787711
921630
921631
921636
921678
921806
921819
1788986
1789020
921874
1789525
1789560
922554
1789578
922572
1789582
922579
1789586
922584
922590
922671
1789663
1789665
922690
922699
1789688
922771
1789744
1789759
916998
1789763
922801
1789766
922803
1789776
1789801
1789808
922878
922900
1789850
922917
922930
1789878
922952
922957
1789891
1789899
922988
922993
923007
1789938
1789942
923030
1789963
1789964
1789975
923064
1789988
923089
923114
923115
923117
1790019
923123
923133
923148
923150
1790046
1790065
1790067
923178
1790069
1790070
923181
1790075
1790087
1790094
1790095
1790099
1790106
1790107
923228
1790110
1790122
923255
923256
1790130
923258
923259
1790133
923270
923272
923291
1790162
1790164
1790165
1790168
1790173
923311
923335
923355
1790216
923365
913967
1790227
923378
923399
923401
923404
1790254
1790259
923428
923436
1783599
923454
1790291
923460
923463
923467
923478
923483
923497
923506
1790339
1790345
923525
1790355
923546
923565
923568
923571
923572
1790397
923591
923592
923599
1790411
1790438
923640
1790444
923661
1790467
1790472
923697
923709
923713
923735
923743
1790531
923758
1790550
923785
1790564
923802
1790575
923812
923818
923821
923828
1790596
1790607
923888
1790641
1790650
923911
1790670
923940
1790690
1790703
923995
1790729
1790733
1790737
924013
1790772
1790790
924078
1790792
924081
1790796
1790800
1790802
924093
924130
924134
924136
1790841
1790852
924158
1790859
924163
924165
924167
1790863
1790865
924184
1790883
924201
1790891
1790894
924206
1790903
924247
1790936
924267
924269
924295
924298
924302
924303
1790978
924318
1790984
924323
924335
1791000
1791001
924341
924353
1791012
924362
924371
924389
1791055
1791058
924417
1791067
924435
1791087
924447
1791088
1791091
924456
924459
924476
1791116
924484
924490
924502
924509
1791141
1791145
1791159
1791162
924552
924573
1791204
1791207
1791215
924617
1791227
1791249
924656
924661
924682
924704
924712
1791304
1791312
1791314
1791321
1791324
924747
924748
1791339
1791345
924773
924790
1791373
1791383
924823
1791397
1791401
924855
924856
924876
924889
924894
1791474
924955
1791500
924970
1791516
1791544
925016
925027
1791569
925058
925073
925076
925079
925085
1791607
925095
925101
917186
925127
1791638
925135
1791639
1791641
1791646
925163
925169
1791668
925179
1791676
925205
1791698
925211
1791706
925218
925248
1791747
925271
1791762
1791763
1791764
1791778
925312
1791791
925323
925329
1791797
925334
1791806
925345
925354
925359
925377
1791845
925388
925408
1791869
925424
925427
925460
1791918
1791926
925498
925532
925533
1791961
1791969
1791978
925563
925579
925585
925590
925599
925603
925612
925644
925652
1792066
1792069
1792087
1792090
1792093
1792094
925719
925732
925736
1792149
1792151
925774
925775
925781
925784
925788
925811
1792187
925822
925831
925833
925835
1792203
1792204
925838
1792219
1792223
925867
925871
925896
1792252
1792254
1792261
925912
1792264
925915
1792269
1792272
925924
925935
925972
925975
925979
1792320
1792323
1792326
925992
1792327
1792341
926027
926046
1792371
1792381
926066
926073
926084
926087
926102
1792416
926104
1792421
1792429
926124
926138
926140
926143
1792451
926151
926153
1792463
926164
1792475
926219
926223
926227
926232
1792530
926243
926254
1792555
926280
1792566
1792573
1792609
926358
1792624
926373
1792638
1792642
1792646
1792652
1792656
926423
926424
1792679
926437
926452
1792698
1792700
926462
926468
926477
926478
1792726
1792730
1792736
926526
1792758
926531
1792778
1792782
1792787
1792790
926573
926577
1792801
926596
926597
926602
926610
926622
926624
926631
926637
1792848
926640
1792860
926659
1792874
1792879
1792880
926688
1792899
926711
1792911
926719
1792918
926730
926731
1792926
1792931
1792948
1787281
921058
1050929
2942
2958
3006
3086
3093
3178
3182
1051227
1051287
3375
1051298
3424
1051375
1051377
3497
1051399
3526
1051417
3531
1051425
1051429
1051459
1051475
1051481
3659
1051536
1051541
1051553
3718
3726
3731
3734
3740
1051593
3753
1051602
3756
3764
1051612
1051637
1051638
3801
3825
3844
3847
1051690
1051691
1051712
1051733
3932
3933
3961
1051782
1051783
3987
1051791
1051804
1051828
1051856
1051860
1051868
4108
4110
1051894
1051909
4152
1051926
4174
1051945
1051953
1051955
4204
4210
4212
4226
4261
4262
4285
4291
1052036
1052058
4339
1052076
4373
1052100
4381
1052130
4422
4430
4439
1052151
1052156
4453
4454
4468
4507
1052210
1052220
4533
1052223
4535
1052225
4550
4559
4564
4573
1052263
4583
4600
4603
4609
4613
4616
1052292
1052318
4668
4676
4710
4721
4735
1052391
4747
1052402
4753
4770
1052418
1052427
4792
1052450
4843
4856
1052491
1052500
4880
1052506
1052507
4899
4905
4927
1052549
1052560
4956
4960
4976
1052580
4979
5004
5008
5022
5029
5069
5077
5081
5084
5087
1052670
5096
5109
5130
5134
5140
5149
1052745
5201
1052771
1052777
5230
5232
5233
1052786
5253
5259
1052810
1052819
5282
5316
5321
1052852
1052857
1052858
5340
1052889
5372
1052893
1052899
1052922
5415
5436
1052952
1052959
1052969
5486
5488
1052989
5505
9712
1056384
1056423
1056437
9783
9799
1056455
9814
1056484
9845
9854
1056505
1056512
9875
9877
9890
9891
9905
1056541
9914
9917
1056547
9933
1056569
9953
9954
9979
9980
9994
1056610
10045
10049
10066
10071
1056672
1056675
1056676
10080
1056680
10097
10224
10260
1056842
1056858
10320
10324
10330
10332
10334
10339
1056881
1056884
1056885
10358
10376
1056905
10380
10381
10412
1056935
10448
10472
1056985
1056988
10497
1057018
10526
1057038
10544
1057052
1057061
1057079
1057089
1057097
10616
10632
1057114
1057115
10639
10654
10667
1057146
1057151
1057177
10711
10734
1057196
1057218
10777
10780
10781
10813
10817
1057266
10826
10830
10831
10837
1057286
10850
10860
1057299
10863
1057307
10877
1057326
10905
10970
10977
1057395
10990
1057433
11028
1057438
1057447
11047
1057450
1057453
11082
11084
11102
11105
11107
1057498
1057499
11111
11134
11140
1057527
11148
1057538
1057543
11172
11174
1057582
1057587
11227
11234
11236
11244
1057624
1057640
11293
11317
1057667
11354
11356
11366
11376
11383
1057719
1057744
1057747
1057752
11429
1057758
1057766
1057771
11455
1057786
1057789
11478
11480
11481
11486
11497
1057810
1057812
1057819
1057827
1057836
11548
11551
11555
11556
11560
11561
11585
11588
11603
11620
11639
11649
11655
1057974
11706
11711
1057982
11715
1057983
11723
1058050
11837
1058082
11877
11882
11888
1058141
1058143
1058146
1058159
11936
1058166
11947
11952
1058182
11989
11990
1058213
12059
1058269
1058278
12090
12379
12384
1058522
12391
1050893
1053020
6227
1054445
7481
926801
1792987
1792988
926815
1792999
926838
926857
926883
1793043
1793055
1793073
1793103
1793111
1793117
926984
926987
927000
1793141
1793145
1793151
927024
927051
927053
1793191
927070
1793200
1793211
927096
927113
927127
927134
1793246
1793250
927143
927146
927149
927151
1793266
1793270
1793274
1793276
1793282
927184
1793291
927191
1793305
927221
927223
1793334
927252
927261
1793366
927289
927303
1793380
1793387
1793401
927333
927345
1793418
1793422
1793424
927362
927368
927380
927390
1793457
927413
927424
927427
1793480
927429
1793483
927443
927452
1793502
927458
1793540
927500
927503
1793544
927514
927516
1793561
927532
927534
927539
927540
927551
1793588
927568
927570
927578
1793612
927595
927600
1793619
1793620
927611
1793631
927655
1793665
1793671
1793691
1793695
927706
1793707
927729
927738
927753
1793749
1793757
1793759
1793767
927786
1793770
927787
927807
1793796
927831
927838
927841
1793821
1793824
927859
927868
1793837
1793838
927879
927885
927888
1793866
927912
927925
1793885
1793886
927934
927935
927980
928009
928014
1793984
928060
928063
1794007
928084
1794022
928110
928116
1794040
928125
1794050
928152
928159
928164
928170
1794079
1794080
1794082
1794083
928185
928195
928210
928230
1794129
928240
928248
928262
928263
1794152
928267
1794168
1794177
928304
1794184
1794188
1794215
928346
1794219
1794226
928355
928367
1794242
928378
1794256
1794262
928404
928411
928418
928423
1794288
928445
928449
928458
1794324
1794332
928503
1794347
928508
1794366
1794369
1794381
928559
928561
1794399
928579
1794418
1794425
928630
928638
1794471
928670
928675
928690
928693
1794496
928694
928696
1794516
1794520
928726
1794533
928747
1794556
1794559
1794561
928783
928784
928788
1794577
928803
928809
928810
928811
1794594
1794598
928830
1794612
928840
1794622
1794623
928862
1794647
1794648
928889
928907
928928
1794689
928978
928987
928997
1794751
929014
1794759
1794760
1794775
929041
929055
1794790
1794795
929064
929067
1794801
929082
1794813
1794829
1794831
929112
929113
1794840
929124
929149
1794871
1794883
929191
1794900
1794906
929205
929222
1794929
929241
1794940
929246
929259
1794952
1794953
929263
929269
929277
1794973
929287
1794977
929291
929296
1794989
1795021
1795022
929359
1795042
929379
1795059
1795070
929411
1795075
929415
912799
912806
912815
912817
912857
1781768
912869
1781780
1781811
1781823
1781851
912973
1781866
913011
913014
1781894
913019
913025
1781902
1781904
913032
913047
1781919
1781933
913086
913088
1781952
913097
1781968
1781972
1781974
1781993
1782020
1782028
913200
1782069
1782075
913273
913302
1782137
913327
913349
1782171
1782173
913373
1782188
1782192
1782199
913396
1782203
1782207
913408
1782213
1782226
913427
913457
913461
913466
1782264
1782268
1782269
1782276
913500
913504
913531
913537
1782316
913539
913543
1782326
913562
913566
1782348
913586
913620
913627
1782407
913654
913659
1782425
1782426
1782435
913693
915109
915133
1783787
1783792
1783806
915402
1783835
915457
1783875
1783888
1783900
915535
915541
915582
1783962
1783964
915603
1783979
1783991
915656
915667
1784029
915678
915682
915683
915687
1784043
915702
915716
915725
915745
1784089
915754
1784095
1784097
915758
1784112
915777
915780
915790
1784135
915802
1784147
915818
915824
1784155
915845
915855
1784185
1784201
915888
1784217
1784219
1784221
1784225
1784230
1784231
1784269
915981
915982
915999
916028
1784316
1784318
1784369
916100
916099
1784386
916165
1784431
1784432
916198
916202
1784458
916212
916219
916236
1784487
916292
1784527
1784531
916305
916317
916328
916331
916334
1784562
1784571
1784583
1784593
1784596
1784616
1784617
916409
1784626
916416
916418
916460
916462
916465
916483
916494
1784690
1784695
1784698
1784702
916521
1784716
1784723
916542
916547
916557
1784748
916571
1784768
916597
916600
916602
916606
916616
916617
1784944
1784948
1785103
917006
917061
917070
917167
917179
917182
1785254
917208
917221
917241
1785305
1785370
1785373
1785430
917423
1795094
1795108
929467
1795124
929487
929495
1795142
929514
1795157
929526
1795170
929541
929552
1795209
929585
1795213
929588
929599
929611
929613
929615
929632
1795261
1795273
929669
1795288
1795295
1795297
929706
1795350
1795354
929767
1795370
1795372
1795374
1795378
929795
929799
1795398
929821
929829
1795418
1795419
1795426
929853
1795439
1795458
929899
929917
929918
929944
929946
1795527
1795531
1795549
930018
930022
1795566
930030
1795575
1795577
930039
1795582
930173
1795691
1795699
1795704
930240
1795740
930243
1795747
1795749
930255
1795753
930263
1795758
1795764
1795776
930287
930292
930295
930301
1795798
1795802
930332
1795821
930373
930384
1795855
930399
1795876
930414
1795887
930426
1795893
930460
1795927
930490
930493
1795949
1795954
930522
1795972
930547
930558
930563
930579
930612
1796042
1796048
1796059
1796063
1796070
1796074
930657
930662
930663
1796082
1796089
1796097
1796104
930692
930694
1796110
930700
930715
1796137
1796138
930734
930739
1796145
930752
1796152
1796158
930769
930781
930793
1796193
1796201
930823
1796215
930836
930842
1796233
930866
1796245
930881
930894
1796274
1796279
1796284
930927
1796309
930949
1796321
1796322
930966
1796324
1796329
1796331
930989
930999
931000
931011
1796362
931027
1796377
1796396
931062
1796404
931070
931079
1796414
931094
931099
1796450
1796486
931175
1796493
931184
1796500
1796530
931243
1796556
931255
931260
1796593
1796607
1796611
1796634
931356
931374
1796654
931413
931423
931428
931448
931493
1796753
931512
931541
931554
1796798
1796803
931568
931590
1796838
1796842
931618
931625
931677
1796924
931719
931724
931740
1796943
1796944
1796954
931753
931767
1796967
1796970
931783
931785
931788
931792
1796998
1797001
1797003
931817
1797028
1797031
1797045
931864
1797046
1797064
931904
931909
931932
1797101
931940
1797108
931943
1797113
931962
1797160
932010
1797169
1797178
1797257
932189
932191
1797361
932262
932329
1797420
1797429
932343
1797444
932383
1797474
932401
1797487
932443
1797515
932457
932482
932505
932506
932534
932535
1797597
1797600
1797601
932566
932567
1797612
932584
932590
932605
1797644
932617
932635
932639
932641
932648
932658
1797703
932697
1797720
1797729
932841
932867
932871
1797861
1797863
932888
1797874
933019
933037
933373
1798277
1798310
1798312
933583
934775
1799539
935073
935080
935087
935088
935091
935092
935105
935245
1799766
1799772
935275
935304
1799815
935313
1799816
935321
1799823
1799824
1799829
1799909
1799934
935473
935489
1799960
1799961
935508
935510
935521
1800006
935550
1800009
1800011
1800013
935559
935576
935588
935599
1800070
1800072
1800084
935651
1800106
1800119
935695
935708
1800137
935728
1800155
1800158
935758
935757
935765
935774
1800189
1800199
935794
1800222
935829
1800230
935830
1800231
935855
1800253
935878
935881
1800271
1800278
935912
935930
935938
935964
1800340
935966
935967
1800359
1800364
936000
1800370
1800371
936007
936009
936012
1800384
1800405
936063
1800419
936079
1800433
1800449
1800454
1800465
936128
1800473
1800489
936162
1800500
1800501
1800503
936175
1800510
936181
936183
936194
1800523
936196
936211
936223
1800548
936228
936236
936241
1800563
936249
1800572
936259
936261
1800578
936263
936273
936293
936303
936306
1800616
936313
936324
936326
936334
936346
1800646
936351
1800654
936359
1800659
936364
936366
936368
1800670
1800673
936381
936385
936403
936427
1800732
936458
936460
1800740
1800747
936521
1800828
936577
1800833
936592
936594
936596
1800871
1800875
936633
936650
936653
936657
936659
1800899
936673
936679
936683
936713
936724
936729
1800958
936736
936742
1800975
1801002
936792
936810
1801018
1801027
936824
936831
1801038
1801045
1801053
936858
1801061
1801070
936884
936887
936909
1801109
936925
1801110
1801119
936946
936949
936959
936961
1801160
936988
1801161
1801175
937007
1801194
937038
937047
937051
1801228
1801240
937102
937106
937114
1801279
937135
1801296
1801301
937180
1801316
937185
937190
937194
937204
937223
937224
937225
1801355
1801356
1801368
1801378
1801380
937269
1801388
937272
1801393
1801403
1801404
937294
1801409
937304
1801419
937315
937316
1801433
937335
937355
1801466
1801482
937387
937396
1801495
937408
937435
937447
1801541
937465
937472
1801552
937478
1801556
937485
1801561
1801562
937494
937495
1801576
1801582
1801595
937528
1801605
1801629
1801632
937594
1801648
937596
937597
1801668
937625
937626
1801680
937639
937644
1801690
1801691
1801698
937672
937675
937696
1801735
1801741
937724
937726
1801757
1801764
1801772
937757
937765
937820
1801829
938170
1802122
1802123
938191
1802145
938213
938214
938222
1802158
938261
938272
1802206
938294
938295
938309
938310
938312
938347
1802255
938352
1802269
938372
938378
938389
938396
938402
938432
1802332
938444
938450
1802337
938454
938455
938462
938477
938481
938484
1802372
1802386
938520
938524
938528
1802400
938530
1802402
1802410
1802794
939022
1802807
939043
1802813
1802818
1802826
1802830
1802831
1802841
939080
939089
939097
939101
939105
939114
939118
1802870
939123
939135
939151
1802913
1802921
1802928
939198
1802936
1802939
939216
939222
939221
939223
939236
939244
939245
939251
1802984
939260
939278
939285
1803010
939292
939293
939294
1803035
939324
1803056
1803058
1803062
939355
939357
939364
1803072
939377
1803099
939420
1803126
939438
1803130
939447
939452
1803143
1803147
939467
939470
1803171
1803172
1803176
1803177
1803181
1803185
1803199
939529
1803203
939532
1803208
939539
939546
1803216
1803224
1803252
939603
1803275
1803282
1803297
939654
939675
939677
939680
1803356
1803365
1803373
939751
939757
939769
1803399
939774
1803404
939783
939799
939802
939803
1803428
1803451
1803497
1803503
1803509
1803528
1803532
939946
939961
939975
1803605
1803608
940072
940074
940080
940086
940746
940751
940760
1804210
940856
1804273
940882
940883
940890
1804310
940909
940912
940917
940925
1804324
940935
1804346
1804347
1804362
1804363
941001
941008
1804414
941050
1804426
941053
941058
1804451
941094
1804475
1804487
941128
1804488
941136
941138
1804557
941216
941389
941452
1804750
1804753
1804755
941459
941464
941479
941485
1804779
1804783
941498
941499
941500
941507
941514
1804822
1804824
1804826
1804829
941551
1804834
941579
941594
1804863
1804874
1804876
1804917
1804919
941679
1804933
941691
941694
941708
941713
1804957
1804983
1804988
941806
941807
941829
942133
1805296
1805370
1805372
1805374
942236
942247
942251
1805430
942306
942346
1805469
942355
942532
942546
942572
942580
1805654
942586
942591
1805663
1805664
942600
1805674
1805679
942631
942636
942641
1805717
1805722
942669
942675
942678
942846
942868
942871
942885
942887
942889
942891
942893
942898
942909
1805928
1805933
942932
942942
1805949
942999
943005
943015
943026
943029
943089
1806074
1806084
1806086
943125
1806094
943138
943146
943154
1806114
943164
1806120
1806128
943189
1806144
943210
1806173
943233
943316
943340
943352
943353
1806290
1806293
1806392
1806404
943520
1806416
943539
1806446
943580
943604
1806487
943624
943625
1806608
943774
943775
1806615
1806616
943780
943782
1806619
943794
943795
1806629
943799
1806672
943890
943893
1806731
943968
944012
1806806
944031
1806817
1806830
1806832
944057
944062
1806907
1806908
1806910
944152
1806916
944191
944210
944211
944213
1806965
1806966
944244
944247
1806990
944264
1807007
1807014
1807015
1807035
944308
944317
1807063
944348
944362
944374
944376
1807095
944378
1807113
1807114
944418
1798950
934414
934436
934605
1799274
1799287
938670
938964
940651
940652
1804110
12409
12413
12424
1058562
12443
1058570
12457
4465
1058585
1058527
10264
3029
1058838
12779
1058840
12791
1051014
12820
1058879
1056838
1056840
1056924
1058889
1058903
12869
1058930
12896
12898
1058934
1058937
12909
12924
1052430
1058962
12934
1058964
12935
12942
1052088
12954
3099
13100
13118
1052050
10281
1059130
13141
1057991
13147
3330
12030
3515
1059158
1059168
1059181
13213
13214
1059190
1059204
1059205
1059210
13246
1059217
13247
13277
1059251
13291
13303
13306
13332
1059286
1059292
1059294
13354
1050962
13357
13358
13363
1059315
1059317
2965
2907
1059347
13409
1059352
1059354
1059373
13446
13454
1059383
1059384
13459
1059387
13464
1059401
1059410
13490
1050913
1056852
13530
1057380
10142
13546
13554
1059466
13562
13569
1059475
1059479
1059485
1057353
1059491
1059510
1059520
1057370
1059526
1051106
13650
13651
1059547
13661
13669
13672
13677
13682
13699
13700
13720
13723
1059725
11689
12023
13901
10265
10238
1059812
1059813
1051108
14020
1051153
1057379
11859
1056510
15913
10934
16048
1061459
5367
1061460
1051330
12073
1056293
16075
1061481
10355
9883
2984
16172
16182
10866
2964
3603
1061688
16343
4936
4839
10494
4915
1052386
1061709
16361
16364
16369
1058242
11752
1061770
16450
1061784
1061796
3114
3235
1061936
1061955
16663
1061967
4190
1051549
1052096
16702
16716
16722
16723
16732
16734
1062016
16745
1062021
16753
1062035
9812
16767
1051668
16779
1062055
10090
1060655
986492
986505
1840984
986587
986593
986594
917682
1785653
1785667
917730
1785705
1785711
917767
1785716
1785725
1785733
917797
917808
917825
917830
917843
1784683
1785802
916426
1785812
1785816
1785819
1785835
917925
1785857
1785862
1785876
917992
918002
1785904
918011
918035
918041
1785935
1785942
918056
1785953
918079
918108
918112
1785991
1785995
1786007
1786018
1786019
918155
918158
1786031
1786066
918207
918211
918227
918229
918237
1786092
918246
1786109
918282
918287
1786140
918313
1786158
1786177
1786183
1785444
918383
1786222
918398
917431
1786263
918455
1786274
918476
918491
1786309
918514
1786360
918566
918576
918624
1786427
1786443
918691
1786463
1786467
918710
918766
1786533
918793
1786554
1785465
1786603
1786637
918908
918917
918939
1786681
918967
1786730
919172
919173
1786851
919182
919210
1786893
919228
919404
1787064
919470
919518
1787129
919526
1787137
1787138
1787159
1787665
1787667
920193
920196
920202
920205
920221
920224
920239
920244
920250
920449
921679
921684
1788965
1788975
1788976
921857
1789533
1789534
1789535
922517
922557
1789569
922558
1789572
1789591
1789593
1789595
1789596
922668
922670
922675
1789674
922766
1789736
922779
922781
922787
1789754
1789777
1789786
1789803
1789809
1789810
922859
1789818
1789828
1789835
922896
922909
1789861
922926
922934
1789888
922966
922976
922994
923000
1789930
1789936
923042
923043
923048
923063
923075
1789990
923085
1782610
923098
923102
923103
923132
923138
1790056
1790057
1790061
923182
1790081
923196
923201
1790090
923236
923240
923263
923281
923309
1790175
1790188
923347
1790209
923362
923382
923387
923390
923403
1790252
923419
923425
1783931
1790274
923453
923476
1790314
1790326
923538
923547
923558
1790380
1790385
923576
923594
1790412
1790415
1790423
923621
1790433
923636
923641
923644
923647
1790448
923653
923660
923664
1790475
1790485
1790492
923720
923725
1790510
1790514
923739
923744
923748
923750
1790537
1790538
923786
923790
923795
923796
923810
1790593
1790598
1790602
1790611
923859
1790617
1790618
923877
923879
923896
923900
1790649
1790655
923942
923972
923973
1790721
1790724
1790728
1790731
924024
924041
924043
924044
924047
924055
1790776
1790779
924090
924102
924110
924125
924144
924155
924159
1790858
1790862
924170
1790871
924178
924189
924196
1790886
924211
924230
1790913
924233
1790921
1790943
924274
924276
1790951
924289
924290
924297
924306
924312
924322
1790991
1790993
924336
924343
1791006
924355
1791016
924365
924369
924373
1791027
924375
924390
1791045
924400
1791048
1791053
924431
1791075
924441
924444
924461
1791099
924464
924483
1791118
1791120
924495
924521
924522
1791148
924555
924566
1791185
1791186
924593
1791209
924612
924618
1791232
924629
924631
924639
924659
924665
1791272
924679
924705
924713
924734
924737
924741
1791336
924769
1791357
924784
1791360
924789
924809
924814
1791382
924834
1791403
1791409
924857
1791420
1791421
924881
924882
924891
1791444
924896
924902
1791455
1791457
924915
924916
924917
924921
1791470
1791488
1791495
924958
924962
924986
1791523
1791529
1791552
1791562
1791567
1791578
1791600
1791602
925089
1791608
1791618
925109
925116
1791633
1791644
1791648
925146
1791650
1791680
925198
925199
925200
925206
925234
925236
925238
1791728
925249
925264
925274
925278
925284
1791761
925290
925291
1791798
1791799
1791804
1791808
925351
925362
925374
925385
925389
925401
1791856
1791865
925415
1791867
925421
1791875
1791877
925433
925440
925442
1791890
925449
1791903
925466
1791909
925471
1791921
925486
925487
1791931
1791938
925518
1791958
925548
925552
925553
925578
1791999
1792000
925596
925598
1792014
1792019
925617
925626
925638
1792046
1792053
925655
1792059
1792063
1792075
1792091
1792103
925712
1792110
925733
1792120
925739
1792146
925768
1792164
925791
1792173
925801
1792181
925810
925812
925813
1792196
925826
925848
925855
925868
1792234
925877
1792237
925880
925900
925907
925937
925944
925957
1792309
925974
925985
1792356
1792358
926032
1792364
1792369
1792372
926056
926071
926080
926082
1792409
926099
926106
1792425
926118
926120
926125
1792442
1792448
926146
1792454
926157
1792469
926169
1792471
1792473
926180
1792486
1792489
926192
1792519
1792521
926253
1792542
1792554
1792567
1792569
926310
1792587
1792589
926325
1792612
926348
1792616
926350
1792629
926390
1792651
1792658
1792664
926438
1792694
926457
926490
926529
926534
1792772
926545
926560
1792804
926591
926603
1792828
926613
926634
926644
1792853
926645
926658
926677
926681
1792889
926710
1792917
1792943
1792957
926775
1792961
1792965
926788
919593
1787357
2929
2932
1050964
1050989
1051073
3125
1051085
3164
3192
1051144
3240
3268
1051207
3281
3328
3335
3369
3377
3419
1051396
1051401
1051423
3560
1051453
3608
3616
1051495
3662
3668
1051535
3697
1051564
3717
1051571
3725
3728
3738
3741
1051598
3755
1051613
3774
3776
1051620
3790
3793
3796
3797
3804
3817
3819
3822
3835
3840
1051703
3889
3893
3914
3922
1051742
3931
3938
1051774
3977
1051786
1051795
4010
4013
4017
1051815
4034
4045
1051853
1051858
4076
1051870
1051880
4127
4138
4156
4158
4166
1051932
4188
4215
1051978
4239
4243
1052014
1052020
4290
4297
4346
1052089
1052099
4380
1052103
1052109
1052113
1052142
4437
4438
1052169
4466
4500
1052201
4522
1052219
1052222
1052243
4585
1052264
4589
4592
1052270
4602
4604
4621
4633
1052308
4647
1052327
4670
1052337
1052345
4691
1052355
1052362
4716
4739
1052417
4772
4784
4795
4805
4827
4864
1052503
4892
4894
4900
4923
4938
4946
4947
4967
1052576
4987
4986
4990
1052600
5011
5017
5031
1052626
5090
5098
5101
5127
1052698
5139
1052720
5170
1052731
5191
5198
1052759
5209
1052762
5231
1052795
1052818
1052820
1052824
1052828
5309
1052861
5356
1052885
1052901
5403
5427
5432
1052942
5437
5442
5453
1052967
5465
1052979
1052981
1052991
5497
5516
1053010
1056367
1056368
1056421
9758
1056429
1056445
1056449
1056451
1056472
1056473
9825
9834
1056482
9839
9851
9855
9863
9874
9876
1056518
9884
1056530
1056531
1056533
1056538
9910
9918
9920
9923
9925
1056567
9945
1056583
9965
9970
9972
1056595
1056606
9995
1056615
10012
10022
10024
10050
10064
1056664
10083
1056679
1056688
1056732
10175
10176
1056760
10185
10219
1056832
10284
1056846
1056854
10313
10315
10319
10328
1056883
1056891
1056893
10363
1056902
10379
1056907
10425
1056949
1056980
10475
1056990
10502
1057009
10513
1057021
10524
10531
1057030
10536
10545
10549
1057063
10574
10575
1057103
10621
1057106
10633
10635
10644
10651
1057134
1057144
10677
10691
1057172
10731
1057195
1057213
1057215
10762
10764
10773
10697
10798
1057248
1057253
1057261
10820
1057274
1057275
1057282
10841
1057290
1057291
10856
10857
10861
1057300
1057311
1057321
10892
1057325
1057327
1057328
10925
10931
1057385
10983
11008
11011
11029
11074
11090
1057484
1057493
1057496
1057502
1057508
11131
11135
11141
1057528
1057536
11163
11164
11171
11181
1057561
1057563
11205
1057583
11237
11248
1057616
11261
1057652
11313
11340
11343
11352
11390
11399
1057732
1057733
1057743
11422
11442
1057772
1057775
11463
11503
1057814
1057818
11511
11520
1057829
11527
1057843
1057848
11546
1057849
11559
11569
11575
1057882
11589
11604
11610
1057905
11628
11647
11670
11671
1057960
11724
11726
11767
11768
1058029
1058044
1058049
11800
1058051
1058068
11823
1058081
1058088
1058114
11895
11910
11921
11927
1058154
11930
1058167
1058175
11959
11960
1058196
1056717
11991
12006
12013
1058224
12018
12019
1058253
1058460
1058470
2892
2896
1050897
5524
1053270
7301
1055197
9440
1792994
1793010
926855
926872
1793036
926881
1793042
926885
1793054
926920
1793074
926927
1793084
1793093
1793094
926978
1793120
1793121
1793123
1793124
926985
927002
1793139
927008
927020
927022
1793161
1793169
1793181
927062
927068
1793199
1793203
1793207
1793209
927088
1793210
927092
1793233
927125
1793238
927132
927133
927161
927167
927214
1793313
1793315
1793317
1793318
927227
927238
927242
1793340
1793350
1793361
913141
927285
1793369
1793370
927291
927292
927318
927326
1793404
1793408
927344
1793414
927353
1793421
1793423
927360
1793430
1793438
927387
1793453
927411
1793470
927421
927438
1793489
1793490
1793493
1793494
927450
927455
1793505
927466
927468
927470
927477
1793520
927479
1793551
1793558
1793569
927545
1793591
927575
927585
1793609
927590
927599
1793623
1793624
927616
927627
1793642
927637
1793656
927654
1793680
1793684
1793689
1793700
927716
927720
927724
1793719
927736
1793736
927755
1793751
1793754
927777
1793766
1793768
927785
927793
927802
927813
927834
927842
927846
1793835
927872
1793842
927880
1793849
927892
927897
1793861
927913
1793870
927914
927915
1793880
1793881
1793883
927941
1793899
927962
927969
1793917
927973
927985
927993
1793941
928006
1793951
928036
928055
1793988
928066
1793997
928074
1794010
1794011
1794016
928096
928102
928103
928109
1794033
1794038
928128
1794046
928140
928145
1794059
928153
928158
928175
928190
928216
928236
1794131
1794134
928249
928271
1794174
928294
1794178
928309
928312
1794211
1794213
928339
1794217
1794223
1794228
1794231
928374
1794248
1794257
1794278
1794281
928425
928433
928435
1794297
928450
928453
1794306
928464
1794323
1794326
928482
928487
1794337
1794342
928528
928544
928546
1794384
1794390
1794391
928564
928585
1794412
928593
928599
1794431
1794433
928620
1794444
928636
1794457
1794465
928669
928674
928699
928702
1794504
928715
928720
928721
928723
928734
1794530
1794541
928752
1794551
928794
928813
928822
1794607
928833
928845
1794624
1794631
1794634
1794636
928871
1794641
1794649
1794651
928884
928891
928918
1794679
928924
1794700
928971
928976
928993
1794739
1794745
929017
1794762
929025
1794767
929030
1794771
929062
1794804
1794806
929080
929079
929089
1794822
929102
1794830
1794833
929118
929119
929129
1794860
929150
1794864
929158
1794875
1794876
929170
929175
929178
929180
1794891
929183
1794892
929194
1794904
929212
929218
1794922
1794924
1794925
929227
1794935
1794937
929244
929255
929261
1794966
1794972
1794978
1794984
1794997
1795002
929321
1795004
929333
929334
1795015
1795018
929347
1795043
929375
929384
1795062
929398
1795064
1781728
912818
912837
912842
912844
912849
1781765
912864
912866
1781778
912876
912878
1781783
1781785
912885
1781795
912899
1781802
912920
912928
912942
912949
1781846
912976
912983
1781867
1781871
912996
913004
1781886
1781914
1781920
1781926
913062
913065
1781939
913101
1781991
913181
913182
913193
1782068
1782112
913290
1782128
1782142
913329
913341
1782159
1782191
1782194
1782196
913401
913403
913414
1782222
913449
913463
1782257
913485
1782289
913506
913512
913513
913534
1782330
1782337
1782345
913574
913576
913577
1782354
1782359
913621
913645
1782432
913890
1782598
1782611
1783614
915198
1783809
915400
1783813
915401
915403
1783831
1783839
915439
1783845
1783850
915486
915500
1783897
1783898
1783907
915524
1783911
915526
915527
915528
915531
1783921
915543
915552
1783943
1783945
915572
1783951
915576
1783953
1783960
915596
1783981
915612
915619
1783994
915633
915659
915665
915707
915718
1784067
915737
915743
915764
1784105
915770
1784109
915776
915778
915798
915801
915810
915833
915861
1784188
1784190
1784208
915895
915901
915947
915973
1784274
915998
1784296
1784297
916016
1784315
916033
1784321
1784337
916084
916107
916108
916111
916115
1784396
1784399
1784412
916175
1784445
1784449
1784456
916203
1784459
1784473
916232
1784481
1784482
1784537
916307
1784543
1784551
916337
916368
1784592
916428
916442
1784662
916498
916530
916533
916543
1784733
1784762
1784769
916594
1784778
1784780
916618
916816
917107
917192
917224
917258
917321
1785358
917328
1785365
917356
917363
917418
914240
1782905
914277
914310
914948
914972
1795098
1795113
929460
929470
1795122
929474
929492
929498
1795154
929519
1795165
929528
929529
929533
929536
1795179
929549
929550
1795188
1795194
1795203
929584
929595
929597
1795254
1795256
1795274
929662
929664
929670
1795282
1795284
929674
1795289
929685
1795302
1795303
1795311
1795314
1795316
929731
929732
929742
929743
929752
1795351
929762
929772
929797
929803
929804
929816
1795400
929824
929831
929835
929838
929850
1795430
1795434
929879
1795479
929932
1795495
929942
1795516
929969
929972
1795532
1795535
929986
929995
929997
930001
1795561
930023
1795565
930034
930037
930143
1795688
930175
930229
930230
930238
1795737
1795748
1795754
1795759
930265
930267
930271
1795772
930285
1795795
930324
930326
930333
1795816
1795825
930350
930363
1795838
1795850
1795868
930406
930409
930418
930429
1795894
1795898
1795899
930452
930467
1795929
1795940
930492
930499
1795961
930519
930520
1795969
930531
1795975
930537
1795980
930545
930557
1795996
930564
1796002
1796006
1796008
1796010
930591
930607
1796047
930628
1796076
930667
1796114
1796142
1796149
1796153
930787
1796184
930808
1796199
1796200
930813
930825
930845
1796228
1796231
930855
930861
930862
930878
930879
1796272
1796278
1796293
1796313
1796320
930980
1796344
1796349
1796373
931030
1796378
931034
931044
1796391
1796411
1796422
1796429
931103
1796445
931135
931152
1796478
931168
931171
931173
931185
931186
931202
931203
931209
931212
931219
1796536
1796542
1796548
1796565
1796566
931296
931350
931375
1796665
931414
1796688
931426
1796711
1796726
1796727
931474
931487
931489
931490
931491
931495
931501
1796777
1796782
931546
1796791
1796816
931598
1796831
931610
931675
1796929
931735
1796947
931743
1796955
931754
931758
1796974
1796976
1796978
1796987
931796
931799
1796997
1797000
1797027
931860
931889
931911
931916
1797090
931921
931927
931933
931948
1797119
931980
931982
932017
932022
1797185
932042
1797208
932285
1797383
1797409
932338
932339
932348
932357
1797447
932365
932366
932370
1797452
932373
1797456
1797457
1797471
1797480
1797486
1797491
1797501
932436
1797521
932461
932464
1797530
932473
1797564
932513
932514
932518
1797586
932542
932550
932554
1797599
932559
1797608
1797611
932578
932585
1797629
932616
1797652
1797665
1797667
1797673
1797674
1797678
932656
932669
1797695
1797697
1797701
932708
932726
932768
932825
1797853
932886
932891
1797872
1797873
1797971
933159
933358
933428
933430
1798365
933594
933599
1798440
933619
934854
1799622
935079
935081
935196
935240
1799762
935249
935252
935271
1799780
935290
935312
1799817
1799818
935317
935445
1799928
1799929
1799932
935462
935463
935464
935465
1799939
1799943
1799948
935487
1799972
935513
935536
935548
935551
935563
1800023
935572
935583
935594
935604
935608
1800056
935618
1800068
1800078
1800080
1800093
935664
1800099
1800104
935675
1800112
1800115
1800116
935690
935707
1800131
1800132
1800145
1800150
1800154
935736
935737
935741
935750
1800167
1800169
1800172
935762
1800198
935803
1800224
935823
935841
1800247
935854
935857
935858
935859
1800288
935913
1800301
935918
935923
935926
1800312
1800336
1800343
1800350
935979
935984
1800367
935999
1800383
936031
1800392
1800395
936037
1800401
1800403
1800409
936061
1800421
1800423
936086
1800438
936091
1800443
936103
1800451
936108
1800457
936119
1800468
936138
936148
936154
1800498
936182
936184
936186
936201
936215
936226
1800553
1800557
936248
1800581
936274
936278
1800594
936282
1800602
1800607
936317
936322
1800639
936348
1800657
1800667
1800671
936404
1800704
1800706
936432
1800716
936442
936446
1800742
1800752
1800768
1800804
936548
1800810
936575
936580
1800855
936639
936643
1800884
936646
1800902
936669
1800916
1800926
1800929
1800932
936712
1800968
936752
936777
1800993
1800994
1801011
936804
936811
936822
1801029
1801032
936841
1801046
1801047
1801068
1801077
936900
1801096
936916
1801105
936933
936944
936948
1801138
936966
936975
937009
1801179
1801182
937014
937027
937029
937034
1801203
1801206
937046
937085
1801275
937134
937136
1801282
937151
937152
937153
1801299
937165
937177
1801320
937212
1801345
937227
937231
937256
1801401
937295
937299
1801413
937310
937311
937324
937331
1801436
1801444
937348
1801453
1801460
937369
1801473
937384
937389
1801511
1801519
937440
937483
937499
1801575
1801578
1801581
937518
1801588
1801651
937608
1801670
937635
937638
1801686
937643
1801687
1801689
1801693
1801697
1801708
937671
937682
1801719
937685
1801727
1801729
937698
1801736
937708
937717
937723
1801751
937745
937746
1801773
937753
1801793
937779
1801803
937790
1801810
1801849
1802113
938180
1802151
1802152
938238
938266
938280
1802199
1802201
1802204
938299
1802218
938307
938311
1802230
938320
1802231
1802260
938359
938376
938381
1802320
1802323
938436
938443
938470
938492
1802371
1802387
1802392
1802401
1802403
938990
1802781
939010
939026
939028
1802824
1802827
1802834
1802874
939139
939152
939158
939162
1802915
1802916
1802924
939185
1802925
939186
939220
1802958
939230
1802965
939234
939239
939248
939257
939268
939277
1803008
939290
1803018
939303
939338
939340
939351
939363
939369
1803085
939392
939421
939422
939442
939457
1803149
939474
939478
939488
1803175
939507
939518
1803202
939530
1803204
939544
939547
1803218
939553
1803245
939589
1803253
939612
939618
939630
939638
1803291
939641
1803301
1803303
1803304
939657
1803313
1803320
1803321
939684
939697
939701
1803351
939716
939717
939718
939723
1803368
939739
1803376
939754
939762
939764
939767
939768
1803414
939801
939804
939807
939818
1803439
1803440
1803455
1803456
939855
939860
939862
1803473
1803502
939922
1803529
939938
939954
939957
939963
1803553
939973
939977
940045
1803615
1803617
940053
940054
1803623
940068
1803635
940083
1803649
940091
1804184
1804189
940765
1804201
1804207
940786
940788
940851
1804266
940868
1804280
1804281
940913
940914
1804322
1804323
940932
1804339
940956
940963
1804381
1804388
1804393
941037
941044
941062
1804434
1804449
941093
1804468
1804472
941112
941120
941127
941212
1804554
941217
1804567
941462
1804763
1804767
941483
1804777
1804784
1804788
1804804
941524
1804812
941538
1804818
941545
941548
941549
1804845
941581
941583
1804856
941590
1804867
1804868
941607
1804877
941612
941618
941619
1804904
941654
1804913
941667
1804937
1804942
941693
941700
941720
1804966
941727
941740
941755
941761
1805020
941797
1805039
941822
1805369
942230
942231
1805382
942252
1805463
942360
1805475
942370
942398
942511
1805607
1805615
942533
942554
942578
942592
942602
1805672
1805673
942611
1805682
1805683
942623
1805697
942658
1805715
1805732
1805733
1805741
942699
942704
942873
942881
1805899
1805903
1805908
942910
1805921
1805925
1805926
942926
1805931
1805932
1805941
1805942
1805948
1805954
942979
942995
1805989
943004
943035
1806055
943099
943100
943103
1806077
943115
1806091
943137
1806101
943141
943142
1806109
1806118
1806119
1806122
1806126
1806146
943202
943207
1806155
943209
943212
1806164
1806178
943236
1806183
1806190
943262
943263
1806208
1806221
1806260
1806276
943368
943375
943378
1806297
943387
1806381
943499
1806403
943535
943541
943550
943554
943562
1806441
1806442
1806447
1806448
1806451
1806457
943587
943608
1806480
943615
943619
1806494
1806510
1806627
943800
943855
943895
1806707
943905
1806725
1806768
943972
944013
944035
1806821
1806834
944055
944089
944137
1806911
1806914
1806917
944168
944171
1806927
1806943
1806963
944214
944223
1806969
1806971
944242
1806991
944258
944268
944282
1807047
1807060
1807066
1807069
944355
1807099
934616
938547
1802418
1802419
938558
1802500
938960
1804109
940662
940703
3503
1058556
12434
12460
12467
12480
1058597
12486
1058515
1058794
12727
12387
12769
1058521
11692
1058851
12801
12813
12815
1058869
1058886
1058894
1058900
1058907
1058912
12877
1058925
1058927
12893
12905
12923
12941
12943
12947
4348
1058976
13097
13113
1056855
10283
13163
12025
1059149
1058239
1058238
13170
1059157
1059170
1059178
13220
13222
1059198
1059211
13257
1056816
13271
1059234
13290
13295
13326
1050969
1059310
1059323
1059325
1059337
13403
1059344
1056818
1059361
13440
13450
1059379
1059386
1059397
1059399
13498
1059421
13506
1051411
1059434
13519
13522
10963
1059442
1059452
10870
13555
13567
1059477
1059483
13586
10886
1059495
1059497
13610
13614
1059516
1059518
13627
13636
13652
1059562
1059564
13683
13689
1059575
3166
13696
13706
2971
1059729
13899
1059744
1059746
13917
13979
1059804
13990
1057351
10935
1059814
3512
1056724
1059840
10166
14036
1058097
15847
1057371
16001
4766
1052917
7463
1058463
16077
10972
1057439
1057785
1061495
1061496
16100
1061506
16119
1050958
1061570
16240
4557
1061690
1057603
4830
1056975
16348
1061708
16359
16360
16365
1056966
11751
1061720
1061725
16376
1061726
11818
16379
16385
11771
1061768
1061769
16453
16456
1061789
1061797
1061940
16653
16659
1061962
1051931
16685
16689
1061979
16697
1061982
16700
16707
4375
1052115
16717
4397
1052118
16721
16724
1062007
1062011
16737
16748
1062024
1062025
1062026
16761
1062036
1062037
16777
986491
1840940
986502
1840948
986510
1840963
986529
986533
1840981
986545
986546
986552
1840988
1840994
1840995
986588
1841019
986598
917232
917689
1785658
917711
1785694
917760
1785713
916002
1784418
1785730
1785737
917824
1785761
917829
917847
1784694
916324
917868
917896
917899
917919
917920
1785840
917928
917971
918015
918016
1785915
1785916
1785924
918040
918043
918052
1785949
1785954
1785960
918100
1785982
1785998
1786005
1786025
1786029
918162
918165
1786046
1786056
918201
1786072
918219
918240
1786098
1786107
918259
918283
918291
918290
918298
1786145
918312
918324
1786165
1786170
918330
918347
918351
918360
918379
918433
1786265
918454
918470
918480
918497
918501
918509
1786353
1786405
1786418
1786442
1786459
918692
1786472
918715
918722
1786508
918805
918842
918858
1786600
1786604
1786608
1784425
1786626
1786635
918926
918928
918934
918964
1786739
1786853
1786858
1786869
1786879
919213
919220
1787030
919398
919458
1787085
1787089
1787090
919494
919520
1787135
919532
1787174
919577
1787684
920218
920219
1787709
920252
916518
921625
921640
921663
921677
1788869
1788969
921812
1788977
921827
1788990
921836
921864
921865
1789017
921877
922539
1789559
1789566
1789573
1789575
1789580
922575
922577
922581
922583
1789589
922585
922586
922588
922593
1789638
922646
1789647
922667
1789660
922692
922693
922701
922703
922704
1789745
922776
1789765
922806
1789790
1789793
1789797
922854
922855
1789816
922880
922881
1789838
922894
922897
1789852
1789863
1789866
922942
922947
1789885
922960
1789898
1789910
1789913
922991
1789922
1789933
1789944
923029
1789951
923057
1789979
1789995
1790001
923105
1790037
923143
923155
923161
923185
923187
923200
923204
1790118
923245
923250
1790127
923267
1790147
1790152
1790154
923288
1790195
923353
923372
1790229
923389
1790253
1790261
923421
1790272
915137
1790289
923482
923485
1790337
923516
923520
1790356
1790361
923548
923550
923569
923584
923585
923626
1790430
923631
923634
923658
923662
923669
1790466
1790468
1790481
923694
1790486
923703
923706
1790496
923710
1790501
923724
923726
923727
923732
923738
923745
1790524
923749
923751
1790534
1790540
923787
923788
1790558
923803
1790569
1790580
923820
923825
923834
1790599
923844
923845
1790609
923852
1790619
923864
1790634
923885
1790645
923903
1790652
923914
923917
1790662
1790681
1790685
923951
923954
923956
1790694
1790695
1790698
923966
1790713
923991
924008
1790750
1790753
1790761
924051
1790775
1790780
924079
924083
924084
924089
1790807
1790821
1790826
1790827
924121
1790828
924129
1790834
924137
924142
1790845
924154
924172
1790867
924188
924198
924214
924216
1790902
1790910
924228
1790916
924240
1790937
924258
924259
924261
924280
924284
1790957
924287
924296
1790979
924325
924345
1791030
1791054
1791068
1791073
1791079
924436
1791089
1791100
924466
924470
924474
1791110
1791115
924505
924511
924515
924516
1791146
924525
924533
1791163
1791179
1791188
924582
1791201
924589
924592
1791205
924620
1791230
924630
1791235
1791237
1791252
1791253
924653
1791254
1791261
1791265
924669
1791275
924680
924691
924696
924697
924700
924707
1791307
924750
1791332
924756
924759
1791338
1791364
1791367
924797
924812
1791381
924842
1791413
1791417
1791422
924870
1791430
1791445
924904
1791456
1791462
1791464
924919
924922
924923
924924
1791476
1791478
924941
1791486
924950
1791502
924974
924978
1791525
924998
1791530
925002
925003
925005
1791541
925019
925040
1791565
1791574
925056
1791597
925081
1791598
1791599
925087
1791604
1791605
1791625
925119
1791636
1791647
925148
925156
925160
1791665
925185
925192
1791689
1791701
1791708
925222
925241
1791750
1791752
1791766
1791769
925296
925298
925299
1791771
1791773
925308
925316
925348
925360
925367
925373
1791843
925403
925404
925416
925435
925463
925464
1791913
1791934
1791935
1791940
925517
1791956
925538
1791970
925562
1791994
1792007
1792008
1792011
925608
925611
925635
925636
925642
1792055
925659
925665
1792073
1792082
925689
925693
1792096
925706
1792099
1792115
925729
925734
1792121
925738
1792145
1792161
1792174
925823
925860
1792241
1792245
925890
925891
925892
925898
1792265
1792278
1792290
1792299
1792300
925964
1792314
926030
1792360
926038
926041
1792373
1792382
1792390
1792392
1792394
1792396
926096
1792414
926109
926115
926154
926166
926167
926170
1792477
1792482
1792483
1792496
1792508
926239
1792534
926249
926257
926262
1792547
1792606
1792610
1792615
1792619
1792647
1792653
1792661
1792690
1792695
926459
926474
926479
1792723
926491
926497
926498
926503
926508
926516
1792751
926522
926559
926586
1792807
926611
1792833
926636
1792850
926641
926642
926650
926653
926654
1792864
1792867
1792871
926674
926675
926685
1792890
1792894
1792897
1792898
1792900
926706
1792904
926723
1792923
1792927
926743
926755
1792941
1792947
926764
919678
919687
1787266
919692
1787310
1788360
921070
2924
2938
2989
1051057
3124
1051082
3140
1051093
3175
3280
1051257
1051331
3505
3519
3524
1051422
3568
3614
3618
1051501
3671
3678
3680
3685
3690
1051552
3708
3713
3719
3752
1051606
3769
1051615
3777
1051622
3785
1051634
3815
1051666
1051669
1051671
1051680
3857
3863
3864
1051694
1051697
1051699
3883
3897
3901
1051730
1051732
1051740
1051744
3935
3944
1051760
3951
1051764
3963
1051790
1051813
4028
4035
4040
4118
1051901
4136
4142
4149
4150
4154
1051925
1051929
4211
4219
1051982
4233
4235
4238
1051987
4251
1052018
1052025
1052028
4299
4300
4305
4307
1052046
4324
4326
4328
1052102
4396
4401
1052122
4420
4421
4431
4446
4448
1052159
1052162
4458
4474
1052180
4486
1052190
4521
1052215
1052234
4569
4579
1052260
4586
1052267
1052275
4608
4614
1052301
1052304
1052305
4637
1052309
4642
1052315
4655
4675
4684
4686
1052353
4694
4695
4699
1052363
1052387
1052393
4757
1052416
1052420
1052432
1052451
4815
4818
4852
4854
4858
1052489
4863
4873
4903
1052522
4918
1052533
1052536
1052557
1052558
4955
4969
1052581
5013
5018
5019
5021
5027
5036
1052628
1052636
5068
5078
5082
1052667
5092
1052671
5114
5123
1052713
5161
1052740
5189
5193
1052756
1052775
1052779
5235
1052785
5250
5254
5263
1052805
1052821
1052826
1052827
5298
5330
1052874
1052877
5362
5364
5368
5370
1052902
5395
1052918
5410
5424
1052937
1052938
1052954
5485
5493
5496
9691
9746
1056426
1056431
9779
9808
1056464
1056490
9850
9881
9904
1056544
1056561
9939
9950
9966
9968
9975
1056605
1056616
10014
10030
1056637
10085
1056681
1056693
1056723
1056747
10172
1056761
10192
1056775
10214
10218
10276
10278
10317
1056886
1056897
1056903
10386
1056915
10396
10399
1056959
1056964
1056965
10455
1056979
10474
10496
1057003
1057004
10504
1057014
1057015
10518
10529
10530
10541
10543
10555
10559
10578
1057072
1057085
10597
1057095
1057096
10614
1057100
1057105
10630
10655
1057143
10678
10682
10686
10703
10707
10717
10724
10728
10736
1057209
10751
10755
10770
1057227
1057235
1057262
1057272
10833
10835
1057284
10846
1057296
10867
1057313
10879
1057314
10881
10908
10936
1057362
1057401
1057405
1057411
11002
11005
11040
11043
1057454
1057455
1057464
11079
11087
1057483
11110
11113
11126
11138
1057524
11165
1057553
11189
1057567
1057576
1057579
1057586
11230
1057606
11262
11270
11272
1057628
11276
1057630
1057633
11283
11285
11316
1057663
11322
11328
11361
11398
11407
11420
1057748
11428
11433
11440
11449
11461
11469
11477
1057811
11516
11542
1057844
1057857
1057873
11580
1057881
11593
1057887
1057891
11601
1057897
11621
1057912
1057933
11653
11681
1057963
11694
1057973
11705
11719
1057984
1057987
1058007
1058013
1058023
1058038
1058056
1058060
11811
11821
11831
11852
11874
1058115
11906
11908
11909
11911
11934
11956
11957
1058190
11974
11977
1058205
1058212
1058223
12020
12038
1058251
12068
1058274
12389
1058530
2905
5530
1053584
8351
1056201
926793
926806
926812
1792993
926823
1792998
1793011
926850
1793017
926852
1793019
926879
926880
926882
1793045
1793058
926909
926914
1793071
1793077
926936
926965
926979
1793122
1793146
1793149
927031
927034
927044
1793172
1793173
927049
927054
1793184
1793226
927128
1793241
927163
927165
927166
1793273
1793285
927188
1793296
1793310
1793311
927216
927215
1793316
927222
1793320
927233
1793333
927255
1793349
927264
927265
927271
927272
1793356
927278
913142
927296
1793390
1793400
927335
927337
927352
927356
927364
927373
927374
1793442
927382
1793447
1793456
927403
927417
1793472
927423
927451
1793507
927461
1793508
1793517
1793531
927507
927512
927513
927520
1793555
1793565
1793567
1793572
927550
1793581
927556
927560
927563
1793621
1793629
1793632
927630
1793647
1793649
927635
1793654
1793655
927657
927660
927664
1793674
927680
1793702
927726
927728
927730
1793738
927749
927750
927752
1793755
1793773
1793775
1793806
1793807
927856
1793828
927866
1793847
1793858
1793859
927917
927970
927978
1793933
927991
1793981
1793989
928065
1793995
1793996
1794008
928089
1794012
1794013
928108
928118
928129
928139
1794057
1794060
928167
928191
1794096
1794104
928206
1794123
1794153
1794169
928292
1794196
928331
1794209
928334
928336
928356
1794237
928388
1794251
928390
928391
928393
928394
928405
928422
1794284
928438
928441
928452
928457
1794331
1794333
928488
928490
928497
1794354
928529
1794365
928549
1794405
928602
1794438
928623
928627
1794452
928651
928656
928667
1794479
1794482
1794490
1794492
1794494
928698
1794506
928713
1794522
928724
1794538
928750
1794545
928758
928804
928806
1794596
928820
928847
928855
928856
1794629
1794635
928872
1794642
928877
928879
1794655
928898
1794664
928899
928927
928932
928937
928942
928943
1794701
928951
928969
928970
928979
928981
1794731
928990
928992
1794743
1794750
929008
1794752
929016
1794763
929023
1794764
1794769
929033
929050
929051
929052
929060
929076
929077
1794807
929098
929103
929110
1794832
929114
1794837
929126
1794851
1794861
929147
1794863
929153
1794887
1794893
1794902
929197
929201
929206
929217
1794917
1794928
1794942
929251
1794949
1794955
929272
1794962
929283
929284
929294
929295
929322
929326
1795009
1795010
1795055
929396
1795077
912813
1781733
1781736
1781737
1781738
1781744
1781747
1781762
912855
912856
912865
912875
912897
912906
912919
912924
912930
1781827
1781829
1781834
1781840
912954
912967
913002
913005
913023
1781903
913040
913082
1781944
913098
913121
913126
1781985
1781987
1781992
913159
1782011
913188
913189
913212
913214
913220
913226
913241
1782105
913294
913297
913298
913307
913310
1782135
913314
913317
913334
913339
913345
913348
1782175
1782177
1782180
1782183
1782185
913377
913381
913390
1782210
913424
913471
1782291
913519
1782318
1782324
913569
1782353
913583
913589
1782358
1782383
1782410
913655
1782421
1782427
1782428
913677
1783651
915390
915397
1783815
915413
915422
915445
1783849
1783866
915472
915473
915490
915537
915556
1783937
915562
915589
1783965
915608
1783984
915626
1783995
915631
1783997
915644
1784007
1784008
915652
915658
915670
1784045
1784056
1784064
915721
915746
915753
1784106
1784107
1784116
915785
1784126
915804
1784151
1784156
1784181
1784194
915880
915886
915892
1784213
915912
915914
915928
1784238
915932
1784242
1784253
1784262
915962
1784280
915985
915991
915996
916004
1784314
916101
1784380
1784404
916140
916160
1784428
1784442
916188
916199
916201
1784472
1784534
1784544
916312
916313
1784554
1784556
916335
1784564
1784579
916358
916367
1784588
1784601
1784602
1784615
916431
1784657
1784721
916535
916544
1784740
916566
916573
916581
916586
916593
916613
1784793
916713
916999
1785134
1785164
917093
917174
917183
1785258
1785270
917229
917260
1785360
1785363
917340
917352
917413
917415
1785432
1785435
917422
917451
1782868
1782871
914229
1782909
914284
914959
929455
1795120
1795132
929505
1795159
1795162
929531
929535
929542
929544
929558
929568
1795201
1795204
929587
1795222
1795223
929602
929626
1795247
929635
1795287
1795317
929727
1795335
1795336
929753
929757
929763
929766
929770
929774
1795366
1795373
1795375
929813
929817
929834
929843
929846
1795435
929865
1795450
929884
1795454
929910
1795480
929937
1795502
1795505
929952
929954
1795514
1795518
929981
929983
1795538
1795545
1795550
930011
1795568
1795583
1795657
930176
930182
1795696
930216
930232
930239
1795739
930253
1795750
930275
930294
930320
930336
930361
930365
930377
930381
930387
930392
930397
930402
930411
1795882
1795886
1795896
930461
1795938
1795939
1795945
930504
1795958
1795962
930538
930544
930556
930559
1795997
1795999
1796001
930576
930603
1796054
930630
1796067
1796069
1796071
930658
930717
930724
1796146
930762
1796169
1796180
930801
930834
930838
930847
1796237
1796239
930876
1796251
930886
1796271
1796315
930957
1796339
931003
931010
931018
1796375
931040
931054
931060
931065
1796406
931080
931083
1796440
931122
931124
1796489
931205
1796517
931229
931234
931237
1796550
931249
931250
931261
1796563
1796564
1796614
931331
1796618
1796630
931347
1796656
931387
1796676
1796678
1796683
931429
931431
1796714
1796728
1796736
931480
931484
1796757
1796770
931532
1796780
1796781
1796785
931540
1796797
931553
931573
931580
931585
931592
931595
1796833
931602
1796849
1796853
931628
931678
1796895
1796919
931727
1796937
1796956
1796961
931763
1796968
1796971
931784
1796985
931794
1797016
931905
931907
931910
931929
1797103
1797115
1797117
1797121
931967
1797131
931975
931984
932009
1797166
932028
1797180
1797184
932063
932064
932146
932261
1797375
1797403
932315
1797410
932320
1797421
932344
932350
932351
932359
1797448
932374
932387
932391
1797470
932396
932399
1797477
932408
932414
932424
932425
1797503
1797514
1797517
1797526
932479
932483
932520
1797577
1797578
1797594
1797598
932562
932573
932575
932577
1797619
1797620
1797624
932600
1797637
932614
1797654
932632
1797666
932642
932645
932646
1797685
932664
932666
932681
932706
1797723
932709
932863
1797860
1797862
932882
1797867
933014
933027
1797982
1797984
933039
933156
933160
1798088
933163
1798292
1798293
1798300
933438
933440
933444
1798407
933587
933593
1798439
934685
934826
1799464
934875
1799627
1799636
1799643
935244
1799769
935297
1799825
1799827
1799828
935430
1799933
1799945
1799952
935481
935485
935496
935506
935516
935527
1799989
1800005
935553
935557
935562
935567
1800033
1800047
935621
935634
1800075
935655
1800103
1800105
1800127
935703
1800142
935722
1800152
935739
935743
1800166
935760
1800181
935770
1800196
935791
935806
1800219
935826
935833
1800236
935837
1800243
935845
935873
1800269
935879
1800272
935885
935892
1800284
935931
1800318
935939
935940
935951
935954
935961
935970
935973
935996
1800387
936024
936026
1800407
1800422
1800425
1800432
936084
1800440
1800453
936135
936143
936145
1800492
1800495
936159
936163
936193
936212
1800542
936229
1800556
936253
1800577
1800587
936275
1800597
1800610
1800621
1800622
936332
1800635
936343
936344
936345
1800651
936355
1800662
936379
936382
1800680
936389
1800681
936398
936417
936453
936465
936469
1800754
1800756
1800759
936487
936497
1800767
1800777
936517
1800803
936554
1800815
936564
936568
1800829
1800830
936579
936591
936609
936664
936672
936682
1800919
1800930
1800947
936721
936725
1800953
1800957
1800959
936750
1801024
936821
1801050
936852
936890
936891
936894
1801103
936929
936954
936960
1801137
936985
936996
1801183
937024
937030
937031
937045
937057
1801231
1801236
937084
1801242
1801243
937089
1801244
937096
937103
1801273
1801278
1801292
937154
937156
1801300
1801309
1801317
1801333
1801336
1801337
937214
1801349
1801353
937234
937260
1801382
1801384
937283
937290
937309
937308
1801431
1801445
1801459
937373
1801491
1801494
937411
1801505
937419
1801514
937427
937441
1801548
937476
1801573
937512
937521
1801592
1801593
1801634
937576
1801656
1801657
1801667
937619
937630
1801685
937650
1801701
937661
937665
937688
937706
1801738
937725
1801760
937743
937749
1801775
937774
937777
937788
937789
937793
1801813
937832
1801839
937836
1801848
1802033
938176
938208
1802143
1802146
938223
938270
1802193
938279
938287
1802208
938301
1802229
938353
938392
938417
1802310
1802311
1802316
1802319
1802334
1802335
1802345
938464
938479
1802359
1802365
1802368
938498
1802378
938516
938996
939034
939037
1802811
939045
939046
1802823
1802836
1802843
1802856
1802862
1802863
939124
939153
939154
1802911
1802922
939191
939195
1802941
1802944
939218
1802962
939233
1802967
939258
1802992
939269
1802994
1803001
1803003
939282
939283
939308
1803025
1803042
939330
1803055
939352
1803064
1803065
939358
939390
939413
939440
939458
939464
939469
939472
1803170
939493
1803184
1803189
939519
939558
939585
939597
939600
1803288
1803290
939639
1803293
939679
939693
939700
939704
1803353
939738
1803370
1803374
1803384
1803396
1803397
1803400
939788
1803411
939809
1803431
939819
1803444
939844
939845
1803482
939887
939907
939935
939962
939974
939980
940029
940030
940033
940042
1803624
1803630
1803632
940079
940085
940088
1804180
1804182
1804202
940780
1804214
940857
1804274
940864
940872
940881
1804301
1804317
1804329
940951
1804407
941034
1804415
1804421
1804423
1804424
1804431
1804439
1804444
941084
1804461
1804464
941125
941130
941137
1804556
1804562
1804564
1804566
1804571
941361
941458
941472
1804766
941473
1804772
941486
941497
1804794
941512
1804810
941537
941554
941575
941577
1804852
1804861
941596
941599
1804880
941621
941659
1804939
1804944
941711
941725
941746
1804985
941751
941752
941754
941789
941800
1805028
941802
941808
941815
1805040
941817
941826
942136
942229
942235
942255
942300
1805461
942343
1805474
942395
1805519
942525
942535
942542
1805630
1805631
1805646
942612
942616
942621
1805685
1805688
942660
942670
942710
942850
942852
942882
1805900
942917
942928
942944
942952
942957
1805971
943000
943016
943096
1806080
943114
1806083
1806085
943126
1806090
1806103
1806106
943173
943177
943190
943195
1806152
1806160
943217
1806167
1806176
1806179
943238
943247
943257
1806231
1806235
1806269
943354
943366
1806283
943386
1806304
1806305
1806390
943511
943517
943518
1806405
943523
1806419
1806425
943555
943557
1806438
943568
943582
1806460
1806467
1806468
943600
943633
1806521
1806623
943797
943801
1806632
1806673
1806674
943858
1806677
1806701
1806703
1806712
1806716
1806717
943912
943927
943971
1806785
1806813
944028
944029
944032
944037
1806826
944045
944053
1806868
944148
944212
944221
944226
944229
1806994
944257
1807011
1807017
944296
944299
1807034
944346
944350
944351
1807092
1807093
944380
944388
944390
944391
934683
1802503
940653
12415
1058548
1058551
12440
1058565
1058567
12447
1058571
1058576
12456
1058578
12466
12470
12490
1058520
4309
12768
1058839
1051126
12784
12786
12790
1058856
1058860
12803
10406
12825
1058876
12847
1058895
12851
12868
12873
12879
12916
1051279
12927
12926
3002
1058966
1058968
12940
12962
1059091
1059095
1059098
10275
1059112
1056823
1056856
13149
3349
13151
10240
1059146
1059151
13183
1059193
1059195
10289
13234
13245
13251
13258
13267
10232
1059247
1059259
10139
1059295
13351
11309
1059314
13379
1052187
13384
1059329
13388
13404
1059343
1059350
13431
1057260
13436
13438
1059382
13470
1056224
13499
13502
12067
13515
13529
1059469
13565
13566
1059474
1059478
13575
1059489
1059493
1059496
13593
3151
1059515
13617
1059525
1059537
10955
1059541
13653
1059548
3152
1051112
1059555
13667
1059568
1051286
13707
13725
1051119
1058232
1057965
1057970
4740
1059735
13893
13894
13909
13916
13956
13976
1059800
1059805
1059806
10875
13987
13996
1059826
1059835
10165
1056716
14028
1051177
9785
1051016
16050
5200
1056698
1057665
1057666
11748
16098
16111
11770
16116
1050955
11962
2998
1061608
11975
1051480
1061687
16335
10478
16353
1061710
16368
1058015
1061728
1058065
16382
1061782
12055
11848
11864
1061787
16458
1061790
1057441
1061792
11470
10999
16474
1061935
1061948
16671
1051916
16673
1061965
1061968
4327
1061983
1051892
1061990
16710
1052095
16713
1061998
1061999
1052098
1062009
1062020
1056442
1062031
1062033
1056463
16766
9770
16780
1840947
1840951
986528
1840968
986535
986541
1840977
986555
986565
986566
1841000
986582
1841011
986589
1783895
917687
917709
1785669
1785680
917726
1785682
917728
917748
917756
917757
917769
1785717
917792
917799
917813
1785759
917831
1785773
916485
1785801
917875
917878
917883
917884
917886
1785821
917901
917926
917940
917946
1785894
918008
918010
918013
918025
918027
918031
918033
1785940
918054
918057
1785948
1785950
1785964
1785976
918107
1785993
918134
918141
918164
918167
1786038
918177
918179
918181
918198
918206
918223
1786080
918236
918284
918292
918294
918296
918304
918308
918316
1786178
918340
1786186
1786201
1786213
918382
918388
918392
918396
918397
1786226
918409
918417
1786248
1786250
918444
1786269
1786272
918461
918467
918469
1786282
918475
918486
918488
1786298
1786323
1786350
918562
918574
918593
1786395
918615
1786432
918655
1786435
918665
1786440
918681
1786457
1786458
918729
918730
1786492
918775
918779
918785
918795
1786553
918804
918812
1786578
918862
913968
918903
918905
918912
1786642
1786652
918940
918966
918972
1786689
1786704
1782362
1786803
1786822
1786848
919171
919190
1786867
919195
1786882
1786889
919232
1786901
1786919
1786995
919378
1787036
1787075
1787083
1787111
1787116
919525
1787674
920223
920235
1787708
916422
921626
921635
921662
921673
1788859
1788861
1788868
921810
921813
1788973
921828
1788983
1788987
921846
921906
1789522
1789523
1789524
922519
1789544
922548
1789576
1789587
1789590
922587
922654
922659
1789650
1789654
1789658
922788
922792
922794
922807
922823
922829
1789796
922846
922849
1789804
922852
922857
1789834
922906
1789857
922920
922923
1789873
1789880
1789883
1789886
1789890
1789905
1789907
1789917
1789918
923003
923016
1789945
1789953
923037
923039
1789959
1789965
923060
923076
923093
1790005
923108
1790024
923125
1790026
1790031
923151
923166
923180
923183
923190
1790079
923221
1790132
923262
923268
923269
1790149
923283
923298
923300
923314
1790179
923316
923324
1790189
923329
923358
1790239
1790243
1790248
923410
1790263
923422
923424
1790270
1790271
1790275
1790284
923449
923481
1790312
923484
1790318
923513
1790343
1790349
1790353
923549
1790366
1790372
923580
923583
923587
1790405
1790409
1790417
923648
923674
1790478
1790479
923692
923698
923707
1790494
1790505
923752
1790553
1790557
923789
1790560
1790561
923801
923806
1790572
1790591
1790594
923836
923840
1790600
1790604
923846
923851
923866
923867
923871
1790624
923898
923912
923915
923919
923943
923957
1790701
1790707
1790710
1790722
1790739
1790743
924023
924029
924038
924049
1790768
1790769
924052
1790785
1790797
1790808
924101
924105
924131
1790836
1790846
1790847
1790860
924219
924225
924227
1790914
924249
924273
1790955
924285
924288
924291
1790962
1790976
1790980
924319
924346
924349
1791019
1791021
924372
924374
1791028
1791031
1791033
924410
924418
924429
1791077
924445
1791086
1791095
924460
924481
924496
924500
924504
924507
924519
1791158
924537
924539
1791175
1791178
924559
924574
924575
924576
924587
924591
924597
924609
924626
924627
1791236
1791241
924648
1791287
1791290
1791294
924721
1791319
924739
1791335
1791348
1791366
1791370
1791374
924836
924841
924853
1791423
1791439
1791440
924886
924890
924908
1791460
1791461
924918
924952
1791504
924977
924985
1791521
924992
924997
1791536
925007
1791539
925029
1791557
925048
925060
925064
1791595
925099
925126
925141
1791655
925159
925175
925176
1791675
925184
1791690
1791692
1791705
1791713
925228
1791715
925245
925247
1791777
1791779
925309
925310
925355
1791823
1791847
1791850
925397
1784020
1791852
1791863
1791864
1791872
925436
925437
925447
925469
925470
925477
925492
925494
1791943
925513
1791949
925526
925537
925546
925557
925560
1791984
925584
925591
1792013
925605
1792020
925610
925629
925648
925651
1792054
925663
925682
925698
925707
925728
1792119
1792126
1792142
1792144
1792154
925777
1792171
1792176
925809
1792184
925825
925830
1792200
1792207
1792217
925852
925857
925862
925863
925865
925866
925879
1792248
1792249
1792255
925902
925909
1792262
925916
925929
925930
925934
1792289
925943
1792304
1792315
926003
1792339
926010
1792342
1792344
926015
1792361
926059
1792402
1792403
1792418
1792424
926110
926111
926127
1792450
926155
926160
926172
926177
926182
926196
926197
926204
926216
1792509
926217
926234
926240
1792536
926256
926259
926264
926269
926282
926301
1792585
926323
1792596
1792602
926334
1792607
1792608
1792636
926396
1792659
1792662
1792669
1792699
1792712
1792713
926472
926482
926485
1792732
1792733
1792747
926514
1792752
1792753
926521
1792757
1792761
926532
1792764
926533
926539
1792773
926552
926562
926578
926592
926605
1792829
926619
1792856
926657
1792865
1792869
1792870
926667
926670
926672
1792881
926689
926697
926705
926725
926735
1792933
926751
1792949
926765
1792958
1792971
919684
919693
1787267
1787268
919745
1050981
1051053
1051068
1051072
1051084
3142
3181
1051206
1051269
3348
3417
1051336
3430
3501
3502
3510
3525
3529
1051420
1051428
1051437
3559
3574
3583
3590
1051468
1051488
3631
3638
1051510
3651
1051525
3669
1051542
1051568
1051570
1051575
3743
1051591
3746
1051600
3780
1051633
1051636
3807
3830
3849
3869
1051704
1051711
1051717
3899
1051720
3945
1051756
1051763
1051766
1051779
3976
3978
1051784
1051792
1051814
1051818
4080
4083
1051884
4117
1051891
4126
1051896
4131
4140
4144
4153
1051924
4165
1051960
4205
4217
4232
4240
4276
1052027
1052033
4295
4304
1052044
4330
4331
1052075
1052079
4358
4368
1052101
1052104
4386
4390
1052110
1052112
4428
4435
1052160
4460
1052173
4484
4524
1052216
4530
4532
1052246
1052247
1052249
4571
4578
1052278
1052283
1052285
1052291
4622
4624
1052298
1052299
4632
4638
4657
4660
1052335
4677
4689
1052358
4715
1052369
1052385
4733
1052394
1052406
4761
4779
1052433
1052434
1052443
1052444
1052445
4808
1052449
1052458
1052478
1052509
4890
1052523
4926
4941
4942
1052569
1052570
1052575
4973
4978
1052582
4998
1052601
1052630
1052635
5058
1052655
1052665
5088
5093
5111
5112
5158
5159
5162
5166
1052729
5169
1052735
5178
1052744
5203
5213
1052765
5238
1052789
5257
5266
5271
5273
5275
5278
5280
5311
5318
5339
5347
5349
5352
1052878
5354
5366
1052892
1052894
1052895
5376
5387
1052915
5417
5418
1052932
1052960
1052972
5482
1052984
5506
1053009
1053011
9771
9773
9776
1056435
9789
9790
9791
1056453
9815
1056468
1050939
9843
1056495
1056499
9887
9889
1056534
1056540
1056553
9946
1056647
1056658
10075
10094
10186
1056764
10199
10203
10222
1056812
10251
1056825
10272
10323
10331
1056870
10354
10361
10365
10369
10373
1056908
1056921
10413
10419
1056942
10436
1056952
1056967
10486
10495
1057002
10510
10515
10521
1057025
10532
1057033
10537
1057035
10538
1057043
10548
1057054
10565
10573
1057066
1057077
10605
10613
10624
10625
1057110
1057111
10645
1057126
1057154
10688
1057160
10693
10709
10716
1057184
1057185
10722
1057201
1057204
1057221
10772
1057238
1057240
10808
10816
1057273
1057280
10844
1057301
1057316
10884
1057319
10907
1057340
1057352
1057389
1057436
11035
1057457
1057462
11071
1057471
11075
1057487
11104
1057501
11114
11115
1057504
11123
1057512
11129
11136
11158
11167
11179
1057575
11209
11221
11225
11245
1057605
11256
11258
11266
1057629
11279
11282
1057645
11300
11308
1057658
11312
1057664
11332
1057677
1057678
11367
1057702
11377
1057712
11386
11395
11404
11417
1057754
11439
1057765
11447
11466
11473
11474
1057796
11495
11502
11506
11508
11512
11513
1057821
1057823
11515
1057831
1057833
11529
11531
11532
1057851
11558
11568
11570
11578
11579
1057885
11594
1057900
11613
1057911
1057919
11641
1057929
1057930
11651
11656
11661
1057940
1057943
11672
11677
1057955
1057971
11701
1057986
1057996
1057997
11742
11756
11781
11783
11790
11789
1058043
1058047
11807
11814
11826
1058099
11871
1058117
1058123
1058133
1058136
11915
1058156
11937
11950
1058187
11973
1058198
11993
1058220
1058222
1058241
1058250
1058257
12080
12082
2897
1050900
1050901
1050920
5853
1053308
1053812
7462
8354
1056309
926803
1792983
926811
926820
926846
926851
1793020
1793022
926866
926894
1793066
926911
926912
926939
926942
926944
926974
926980
926982
926983
1793130
926992
1793135
1793144
927014
927016
927021
1793157
927025
927042
927060
1793190
927071
1793197
927084
927099
927103
1793224
927110
927120
1793236
1793240
927130
1793254
927144
927160
927176
927186
927189
927203
927217
1793312
927226
1793322
1793323
1793336
927251
1793343
927269
1793359
1793363
1793368
927294
927295
927299
1793379
927304
927322
1793403
927370
1793435
1793444
1793452
1793463
1793471
927419
927428
927454
927474
927476
1793522
1793527
927497
1793542
1793548
1793549
927535
1793573
927542
1793589
1793593
927577
1793611
1793615
1793622
927608
1793627
927620
927626
927649
1793663
1793679
927681
1793709
1793715
927722
1793743
927760
927761
927775
1793769
927792
927797
927833
1793811
1793822
1793831
1793843
927882
927896
927908
1793869
1793877
1793890
1793892
927944
927974
1793920
1793926
1793945
928005
1793947
1793952
1793963
928041
928050
1793983
928058
1793993
928068
928070
928085
1794015
1794024
1794031
928122
1794041
1794049
1794058
1794061
1794069
1794086
1794089
1794093
928193
928202
928204
928205
928213
1794116
928228
1794127
928243
928256
1794155
1794164
928286
928288
1794192
1794197
1794199
1794200
928328
1794204
928329
1794207
1794247
928386
928396
928397
928399
928409
1794273
1794287
1794290
1794296
928454
928480
928483
928486
1794358
928530
1794372
928539
928540
1794375
1794378
928552
1794385
1794389
1794404
1794413
1794417
928596
1794424
1794440
1794441
928629
1794450
1794453
1794454
928650
1794472
928664
928673
928692
928701
1794503
928703
1794505
1794508
1794526
928731
928736
1794546
928773
928780
1794583
928849
928854
1794638
928874
928901
928933
1794698
928957
928959
928962
928966
1794726
1794749
929019
929020
929048
1794787
1794793
929091
929095
1794826
929116
929120
1794841
929125
929135
929143
929163
1794884
929193
929195
929208
1794910
1794923
929235
1794934
929245
1794944
1794947
1794956
929265
929271
929275
1794969
929303
929307
929342
929357
929362
929365
929366
929391
1795076
1795079
1795080
1781740
1781748
912848
912850
1781775
1781788
1781796
1781808
912933
912936
912940
912950
1781856
1781858
1781873
912994
913007
913008
913022
1781905
1781927
1781932
913070
913071
913076
913080
913089
1781971
1781977
913127
913136
1782016
1782018
1782019
1782022
1782034
1782047
1782060
1782106
1782110
913282
913284
913295
913320
1782147
1782155
1782158
913354
1782178
913376
1782186
913382
1782201
913410
913422
913428
1782231
913451
913453
913456
1782255
913470
1782262
913478
913491
913495
1782292
913530
1782310
1782311
1782319
1782334
1782350
913588
913595
913623
1782398
1782403
1783605
915158
915210
1783821
915418
1783825
1783834
915431
1783851
1783856
915460
915510
915511
915512
915513
915521
1783914
1783950
915592
1783970
915606
1783977
1784006
915674
915680
915685
1784059
1784088
915752
915766
1784113
1784129
1784136
915807
1784144
1784150
1784187
915872
1784220
1784241
915937
915944
1784252
915974
915979
1784281
915986
915989
915993
1784289
1784304
916081
1784361
916098
1784375
916128
1784405
1784408
916159
916166
916172
1784435
1784436
1784443
916186
1784450
1784452
916205
1784474
1784484
916241
916249
916248
1784504
1784516
1784533
916298
916310
1784549
1784557
1784563
1784566
916343
916363
916372
1784594
1784597
1784598
916407
1784619
1784633
916427
1784641
916434
916463
1784674
1784678
916486
916495
1784692
916510
1784703
1784710
916534
916541
1784729
916549
1784747
916568
1784757
916580
916582
916595
1784788
1784812
916817
1784983
1785191
917172
917175
1785241
917195
1785275
1785281
1785355
917335
917336
917338
1785379
1785390
1785431
917454
913940
1782893
914571
914937
1783449
1783462
929423
929428
929441
929458
929462
1795114
929463
929464
929475
1795135
929490
1795140
1795148
1795150
1795163
1795164
1795175
1795176
929554
1795196
929566
929589
929592
1795224
1795233
1795244
929636
1795258
929645
929655
929658
1795292
929689
1795298
1795307
929705
929715
929729
1795332
929735
929744
929764
1795360
1795364
929777
929783
929786
929798
929805
1795396
1795414
929842
1795422
1795424
929849
1795437
929870
1795459
1795460
929904
929925
929936
929948
1795506
929963
1795522
929984
1795540
1795542
1795544
930005
930020
930024
1795571
930042
930171
930178
1795694
930188
930199
930201
930211
930217
1795727
930231
930247
1795763
930274
930280
1795777
1795790
930302
1795803
1795807
1795817
1795820
1795834
1795844
1795858
930393
930422
930430
1795892
930433
930443
1795920
930465
930471
930480
930500
930501
930512
1795960
930529
930546
930560
930562
1796021
930619
930622
930625
930627
1796056
1796057
930633
930635
930647
930649
1796081
930681
930684
1796099
1796107
930704
930727
930730
930733
930750
930751
930768
1796183
930797
1796196
1796198
930814
930815
1796214
930835
1796221
930841
930850
930860
1796243
1796255
1796256
930889
930891
1796267
930903
930904
930931
930942
1796306
930951
930952
1796316
930960
1796327
930974
1796335
1796342
1796354
1796358
1796359
931014
1796365
1796368
931033
1796385
1796390
1796400
931074
931096
931097
1796441
1796463
1796465
931139
931159
931161
931163
931165
1796490
931176
931182
931194
1796524
1796527
931221
1796531
1796532
931233
931298
1796636
1796653
931390
931391
1796682
1796686
931417
931456
1796724
931472
1796737
1796762
931514
931523
1796779
931537
931538
931543
931547
1796792
1796794
931566
931581
931588
1796844
931616
931627
1796855
1796926
931720
931733
1796941
931772
931774
931778
1796982
931795
931800
931801
931802
931809
931818
1797008
1797010
931827
931843
931853
931854
931856
1797050
1797070
931900
1797104
931939
1797107
931956
931966
931970
1797133
1797135
931979
931983
1797181
1797202
1797372
932313
1797408
932319
932323
1797416
932327
932352
932360
1797446
932362
932369
932371
1797460
1797462
1797472
1797516
1797540
1797557
932502
932507
1797581
1797582
932556
1797602
932560
932579
932586
932587
1797627
1797628
1797634
932618
1797659
1797675
932683
932729
932769
1797776
1797852
932881
932887
1797877
933001
933007
933020
933025
1797979
1798039
1798040
1798203
933305
1798257
933377
1798295
933431
1798304
933447
933494
1798360
1798362
933544
1798429
935048
1799631
1799644
935107
1799649
935110
1799773
935260
935272
1799782
935273
935276
1799803
935299
1799806
935306
935307
1799814
935319
935440
1799922
1799923
1799924
935455
935458
935486
935490
935494
935499
935514
935517
1799978
1799990
935532
935539
935541
935552
1800008
935558
935565
935571
1800027
1800028
935586
1800050
1800051
935609
935624
935638
1800083
1800090
935667
1800110
935688
1800123
935697
935716
1800146
1800151
1800161
935768
935769
935797
935798
1800214
1800234
935849
935863
935864
1800260
935869
1800308
1800317
935945
1800326
935950
1800331
1800339
935968
935972
1800355
1800399
936055
936062
936069
936072
936076
936095
1800446
936106
936107
1800455
936126
1800470
1800475
936161
936170
936174
1800511
936191
936203
936207
936210
1800540
1800541
936219
936227
936232
1800558
936244
936246
936254
936281
1800598
1800609
936305
1800613
936311
1800625
936328
936330
1800660
936373
936377
936383
936391
936400
1800717
936451
1800733
1800739
1800744
1800758
936500
1800769
1800774
1800781
936520
936552
1800820
936571
1800838
936593
936605
936615
1800874
1800879
936660
936662
936671
936699
1800939
1800941
936720
936723
936727
1800952
1800954
1800960
936741
936760
936764
936768
936796
936807
1801016
936840
936855
1801067
936874
936886
1801080
936892
1801083
1801095
1801106
1801114
936943
1801135
1801136
1801139
1801159
937006
937011
1801180
937015
937026
1801192
937028
937039
1801204
1801207
937049
937055
937067
937068
937137
1801283
1801284
937149
937158
937170
937187
937188
937206
937209
937218
937222
937236
1801377
1801381
1801386
937273
937281
1801398
937320
937321
937339
1801451
937352
1801462
1801467
937390
1801485
937394
937404
937405
937406
937410
1801502
937418
937425
937434
937450
937467
1801553
937479
937501
1801585
1801597
937529
937536
1801663
1801672
1801677
1801714
937681
937683
1801734
1801739
937709
1801747
937720
1801769
1801771
937772
937776
937782
937783
1801801
1801808
1801814
937825
1801847
937844
1801851
1802111
1802112
938184
938186
1802132
938216
938228
938234
1802182
1802185
1802190
1802191
1802200
1802210
938297
1802214
1802217
938305
938315
1802226
1802237
938343
938355
1802268
938367
938380
938384
938395
938399
938400
1802301
938422
1802318
938435
1802327
938440
938472
938475
938474
938486
938494
938499
938506
938508
938515
938518
1802399
938527
1802404
938541
938988
1802770
939000
939004
939015
1802792
939018
939021
1802803
939039
939044
939050
1802819
1802820
939060
1802833
939100
1802866
1802876
1802883
1802885
1802894
939157
1802903
939165
939168
1802926
939190
939207
939208
939210
939213
1802959
1802972
1802973
939246
939249
939255
939274
1803004
1803014
939301
939314
1803040
939331
939333
1803046
939335
939344
1803075
939389
1803097
939404
1803107
939424
939425
939432
939433
939449
939468
939489
939491
1803174
1803180
939525
939526
939543
939549
939587
939588
939598
939599
939614
1803272
939635
939637
939640
1803296
939651
939660
1803319
1803324
939690
1803333
939699
939707
1803358
939732
1803371
939748
1803382
939759
939770
939772
1803402
939785
1803420
1803427
939824
939830
1803475
939878
939890
939898
1803507
939923
939928
939939
1803543
1803545
939960
1803546
1803554
1803557
1803558
939979
940034
940062
1803633
940066
940067
1803634
1803641
940081
940092
1804178
1804183
940764
1804197
940774
1804240
1804258
940854
940859
1804272
1804278
1804286
940879
1804299
940893
940897
1804302
940898
940908
940915
1804316
940916
940933
1804342
940957
940961
940964
940972
940973
940974
1804369
1804384
941004
941003
941006
1804394
941027
1804409
941030
941043
941060
941070
941074
941077
941078
1804454
941088
1804458
941103
941109
941124
1804495
941209
941391
1804776
941487
941505
1804793
941518
941530
1804828
1804830
1804831
941559
1804837
1804844
1804847
941595
1804872
941610
941615
941636
941644
1804945
1804952
941706
941733
941736
941737
941750
1804987
1805145
1805147
942242
942258
1805429
1805467
1805471
1805488
942377
1805507
942416
1805596
942521
1805605
942527
942530
942536
942548
942553
1805640
942570
1805644
942595
942598
942617
942626
1805693
942642
1805702
942653
1805724
1805744
1805748
1805749
942706
942711
942880
1805898
942894
942906
1805914
1805922
942920
1805924
1805940
942953
943002
1805996
943013
1805998
1806000
1806006
943036
943080
943082
943095
1806072
943107
943120
943127
943128
943130
943131
943135
943136
943145
943147
943165
943170
943179
1806138
943188
943192
1806159
1806181
1806191
943255
943266
1806206
1806223
1806274
943365
943376
1806295
1806299
1806378
943487
1806384
1806398
943514
1806426
1806428
943551
943570
943585
943603
943610
943627
943630
1806498
1806502
943647
1806518
943785
1806671
943857
943879
943896
943902
943910
943919
943938
943939
943940
1806763
944014
1806810
944024
944030
1806912
1806959
944218
1806970
944228
944266
944277
944280
944283
1807020
944303
944349
1807072
934606
934613
934615
1802416
938656
938987
1804100
1804111
940664
1804115
1804116
12410
12430
1058569
1058574
12462
1058601
12720
3601
12730
12761
1058841
1058845
1058854
12800
12814
1054596
7520
12827
10294
1058898
12876
1058920
12882
12890
1058929
1058947
12914
1056835
3198
1058965
1051135
1058972
1058977
1059096
1059100
1059108
3219
4270
11717
1059125
1052182
1059132
13144
3091
13148
1059148
13164
12034
13166
12029
12003
1059155
1059161
13186
1059171
1059172
13194
2994
13205
13223
1059223
1059232
1059239
1059240
13279
13299
1059268
13319
1059287
13344
1059297
1056749
2995
1059308
1050963
1059316
13371
1059319
13382
13386
1059332
1059334
1059358
13441
13444
1059375
13449
1059378
1050918
1059413
1059418
1059424
13510
13513
1059432
13517
13521
1059451
1059455
1059468
13568
13571
10887
3171
1059504
13605
13624
13625
13633
13638
13639
13641
1059552
1059570
1059574
13692
1059580
13702
13705
13713
1059743
1059745
1059802
1051407
3169
3153
14019
14031
1059848
14038
3167
12052
15848
10268
1057090
1061458
1061461
1051333
3429
1051851
1058173
1058282
1061482
1056511
11841
1057988
1058266
1050916
1061560
16181
1051812
16338
1057599
1057966
1061703
4125
16354
16367
1061724
1061729
1058069
16392
1061738
16394
16395
11951
16432
1061780
16452
1061783
16462
16466
16470
16640
1061944
16649
1061952
16669
1051539
16692
1051890
4405
4378
16720
1062002
1062003
4352
16730
1062014
1062022
4356
16763
9807
9772
1056450
2930
2899
1062050
14828
1840931
986490
986494
986498
1840945
986517
986521
986532
1840972
986548
1840992
986561
986584
986585
1841014
1785643
1785645
1785650
1785655
917708
917713
917729
1785697
917750
1785701
1785704
1785709
917771
1785719
1784434
915918
917788
1785741
917803
917840
917841
1784680
917881
1785808
1785810
917900
1785824
1785827
1785848
917941
1785864
917999
1785897
918000
918017
918022
918023
918042
918053
918071
918077
918083
1785977
918110
918117
1785992
1786008
918135
918146
1786065
918221
918224
918231
918235
1786090
1786103
1786108
1786131
1786132
918288
1786137
1786142
918297
918301
1786153
1786156
918319
918341
1786180
1786181
1786195
1786200
918389
1786243
1786279
1786285
1786300
1786302
918503
1786313
918529
918560
918568
1786384
918598
918611
1786397
918618
918620
918663
1786439
1786441
918675
918677
1786455
918749
1786524
918778
918802
918808
1786566
918829
918859
1786601
916155
918930
1786667
1786688
918989
918992
1786861
919189
1786872
1786876
919206
919208
919225
919381
919439
1787106
1787110
1787113
919524
919529
1787176
1787666
1787687
920215
1787691
1787692
920222
916441
1787713
1785253
921639
921683
921686
921804
1788963
921807
1788970
1788985
921843
1788997
1789009
921866
921867
921871
1789018
1789521
922543
1789579
922574
922576
1789592
922632
922651
1789644
1789646
922657
922669
922685
1789679
1789737
922780
1789748
922796
1789768
1789770
922820
922819
922826
1789798
1789807
922866
1789820
922884
1789832
922891
922901
922918
1789859
1789864
922938
922943
1789879
922950
922956
922962
922965
1789904
922977
922985
1789916
922998
1789932
913893
923013
1789940
923022
1789955
923067
1789984
923077
923082
1789992
1789994
1790000
923101
1790008
923106
923121
1782608
1790029
923147
1790047
1790048
923157
923164
1790074
923195
1790088
923205
1790096
923218
923220
923222
1790111
1790112
1790120
1790121
923251
1790129
1790131
1790141
1790145
1790148
1790151
923279
923282
1790155
1790157
923302
923323
1790187
1790197
923359
923367
923371
1790224
1790231
1790236
1790240
1790241
923396
1790245
923402
923405
923416
923417
923427
923432
1790273
923447
1790287
1790309
923480
1790316
923526
1790377
1790386
923590
1790402
1790404
923600
1790407
1790424
1790432
923635
1790435
1790439
923663
1790464
923678
923683
923691
1790488
923699
1790493
923711
1790498
923717
1790506
923731
923734
923757
923761
923769
923776
923780
923808
1790579
923827
1790632
1790642
1790653
923924
1790667
1790671
923933
923938
1790686
1790687
1790693
923967
1790705
923976
923980
923986
923988
1790719
923992
923997
1790738
1790765
924065
924070
1790787
924100
1790812
924113
1790822
924117
924124
1790848
924157
1790857
1790868
1790876
1790878
1790890
924205
924208
924212
924222
924223
1790906
924236
1790919
1790920
1790922
1790932
924266
1790942
924282
1790961
1790963
1790966
924317
924316
1790982
1790983
1790985
924328
1790994
924357
1791034
924388
924396
1791049
1791056
1791059
1791063
1791080
1791081
924451
1791101
924467
924471
924472
1791107
924479
1791124
924498
1791138
924518
1791150
1791153
924542
924543
924557
1791183
1791196
924590
1791202
924599
1791212
1791213
924613
1791225
1791228
1791248
924660
1791259
1791269
1791283
924699
1791293
1791297
924711
1791329
1791330
1791337
924776
924778
924781
924786
924798
924815
1791386
924831
924833
924847
1791414
924868
924872
924880
924885
924893
1791450
924905
1791459
1791472
924943
924949
924951
1791511
924975
1791524
1791528
925010
925012
925024
925030
1791558
925055
1791576
1791582
925068
1791586
925074
925102
925124
925137
1791642
1791645
1791651
1791662
1791678
1791681
925188
1791699
925221
925230
1791726
1791735
1791740
925270
1791758
1791765
925292
1791772
1791780
925318
1791790
1791794
925339
925340
1791805
925346
925349
925361
925370
1791835
925390
1791854
925405
925425
925430
1791880
1791888
925446
925445
1791892
1791893
1791897
925476
925478
925485
915138
1791925
925505
1791941
925522
925528
1791975
1791983
925572
1792001
925604
925609
1792024
925619
1792031
1792034
925633
925640
1792048
925645
925649
925653
925654
1792060
925670
925686
925722
925737
1792127
1792135
1792141
1792148
925785
925790
1792179
1792192
1792197
925846
1792214
925851
1792222
1792224
1792227
925874
925875
925913
925917
1792268
1792275
1792286
1792307
1792316
925983
925987
1792343
1792352
926037
926040
926048
926091
926112
926119
926141
1792455
1792464
926163
926165
1792468
926178
926184
926189
926191
926193
1792500
1792507
926215
1792522
1792524
926242
926244
926251
926266
1792557
926283
1792565
1792570
926326
926328
926342
926345
1792628
926370
926385
926393
926403
926422
926433
926434
1784407
1792687
926439
926447
913091
926476
926483
926492
926494
1792735
926520
1792767
926540
926550
1792776
1792786
926565
926569
926583
926588
1792817
1792827
926612
926628
926649
1792862
1792872
926669
926671
926694
926699
926713
1792916
926736
926747
1792937
926758
926771
1792956
926774
926776
926785
926786
919619
919690
1787297
1787365
920918
922352
2927
2935
1050982
1050984
2999
1051131
3237
1051204
3414
3416
3418
3433
3480
1051400
3508
1051404
3522
1051415
1051416
3534
1051424
3544
1051489
1051490
1051502
3649
1051521
3653
1051529
3674
1051538
3677
1051545
3688
1051574
1051585
1051588
3751
1051604
3779
3795
1051640
1051656
1051658
3834
1051676
1051683
3879
3895
1051719
3905
1051724
1051727
3919
3923
3950
3954
3955
3958
3966
1051781
3994
4018
4027
4039
4044
1051842
1051907
4164
1051951
4194
1051968
4223
1051979
1051981
1051983
4242
1051991
1051992
4260
4263
1052011
4281
4282
1052042
4311
1052057
1052063
1052067
1052069
4337
4379
4408
4409
1052128
4415
1052133
1052136
4433
1052149
1052150
1052161
1052176
1052177
1052178
1052202
1052203
4513
1052208
4519
4531
1052240
4558
4587
4595
1052280
1052281
4607
4629
4645
1052324
4664
1052340
4683
4685
4734
1052399
4748
4750
4764
1052411
4810
4812
4821
1052474
4859
1052498
1052511
1052514
4896
4904
4908
4913
4922
4945
1052567
4966
4983
4984
4993
1052593
4996
5000
1052599
1052619
5038
5050
1052645
5070
1052659
5086
5138
5156
1052728
5168
5181
5186
1052746
1052749
5196
1052753
1052764
1052768
1052770
5220
5224
1052774
1052776
1052781
5236
5248
5258
5261
5262
5269
5307
1052853
5329
1052871
1052898
5384
1052906
1052916
5414
5428
5438
5454
1052962
5466
1053005
1056366
9760
9788
1056448
9792
1056461
2921
9838
1056494
1056496
1056522
9902
9907
9930
9931
1056566
1056570
9952
1056581
9967
1056588
1056591
1056593
9991
9999
10003
10006
1056624
10031
1056656
10086
10171
10182
10190
1056797
1056803
1056827
1056843
10314
10333
10344
10351
10360
10371
1056911
10391
1056920
1056922
10421
10422
10429
10439
1056961
10447
1056971
10457
10458
10470
10471
10476
1056997
1057010
10516
10523
1057029
1057034
1057051
10588
10590
1057087
10609
10628
1057113
1057117
10657
10664
10668
1057158
10698
1057187
1057208
10767
1057237
1057252
10827
10836
10848
10855
1057294
10859
1057330
1057344
10923
1057359
1057403
1057404
1057417
1057419
11012
11014
11039
1057442
11049
11055
1057467
1057470
11095
1057497
1057505
1057510
1057514
11143
11162
1057541
11180
1057560
1057562
11195
11196
11231
1057597
11255
11268
11287
11288
1057644
11303
1057653
1057661
11325
11327
11336
1057718
1057750
11456
11462
1057779
1057784
11471
1057794
11500
11501
11523
1057832
11536
11539
11540
11552
1057853
11572
11582
1057877
11587
11591
1057888
1057895
11627
1057920
1057934
1057935
11663
1057950
11734
11737
1058005
11760
11761
11764
11766
11772
11775
11801
1058054
1058077
1058108
1058119
11885
11886
11894
1058134
11905
1058139
11913
11928
1058157
1058158
1058162
11946
11954
1058178
11964
11976
11981
1058201
1058206
1058214
12007
1058246
12069
12087
2916
2926
1053013
5525
1792980
926804
1792986
1792989
926818
926842
1793012
1793016
926859
1793027
1793034
1793046
1793049
1793051
1793056
926901
926916
926918
1793081
1793086
926947
926951
926952
926964
1793116
1793125
1793131
926995
926999
927003
1793138
1793142
927017
1793153
1793154
1793155
1793168
927046
1793176
927058
1793183
927063
1793189
1793195
927075
927078
927080
927086
927087
927097
1793220
927105
927108
927111
1793230
927118
927148
927185
927192
1793299
927199
1793319
1793329
927248
1793339
927286
927310
1793391
927327
1793426
1793428
927372
927377
927401
1793461
1793469
1793478
1793479
927445
927447
927449
1793515
927530
1793563
927544
927546
927553
1793596
1793597
1793605
1793608
927610
927621
927628
927647
927650
1793662
927669
927676
927682
927687
1793690
927689
927693
927695
927707
1793705
927714
1793716
1793729
1793740
927756
1793750
927778
927780
927783
927789
1793771
927803
1793782
927824
1793825
927864
1793840
927878
1793852
927904
927907
927923
1793894
927945
927948
927957
927979
927981
927982
927988
1793934
927995
928000
1793961
928033
928049
1793998
1794002
928077
1794003
928087
928100
1794023
928106
1794044
1794056
1794074
928169
928171
928172
928176
1794088
1794097
928196
928203
928208
1794110
1794111
928222
928235
928238
1794142
1794157
928272
1794165
1794166
1794179
928302
1794186
928327
928354
1794229
928364
928368
1794244
928385
1794255
928398
928401
928406
928415
928434
1794303
1794312
928462
1794315
928479
928484
1794339
1794346
928506
1794352
1794357
1794367
1794376
928543
928553
928556
928569
1794402
928576
1794415
1794422
1794432
1794434
1794448
928648
1794480
928677
1794487
928682
928689
928697
1794512
1794514
928722
1794548
928776
1794575
928805
928821
1794603
928825
928828
928839
928843
1794620
1794626
928875
1794644
1794645
928887
1794673
928913
1794685
928929
1794692
928938
1794695
928949
1794704
928958
1794709
1794712
928963
1794717
928975
928985
928996
929002
1794755
929032
1794772
1794773
929057
929065
929086
1794814
1794824
1794825
929108
929115
929142
929146
929179
1794889
1794905
929200
929203
1794932
1794933
929267
929278
929297
929304
929312
1794999
929320
929329
1795012
929339
929343
929358
1795039
1795040
929378
1795049
1795050
929386
1795056
929389
1795074
1795078
929420
1781743
912830
912832
912833
1781759
912861
1781773
912874
912881
912893
912898
912901
1781805
1781807
912912
1781820
1781839
1781852
912968
912981
912991
912999
1781881
1781882
1781887
913009
1781900
1781923
1781925
1781965
913114
913125
913143
913165
913167
913175
913185
913218
1782063
913227
1782113
913296
1782133
913309
913343
913352
913380
913387
913399
1782227
1782234
1782235
1782242
913448
913462
913469
913480
913481
1782275
913493
1782312
913541
1782321
913554
913580
913598
913626
913639
1782400
913650
1782412
1782420
913681
913690
915199
915206
1783785
1783814
1783823
915417
915436
1783842
1783843
915446
915453
915458
1783857
1783870
915489
1783889
1783892
915529
915534
915538
915557
915571
1783949
915577
915579
1783954
1783968
915598
1783978
915625
1784000
1784009
915653
1784017
915673
1784044
915690
915698
915700
1784057
915724
915738
915803
915848
1784182
915873
1784195
1784197
1784204
915890
915931
1784248
1784265
915968
915976
915988
1784292
916030
1784363
916094
1784374
1784381
1784382
1784387
1784393
916127
916164
1784454
916210
916213
916216
1784470
1784471
1784496
1784506
916291
1784530
916296
1784545
916318
1784565
916339
916340
1784573
1784574
916352
916370
1784591
916403
1784627
1784640
1784644
916437
1784645
916475
1784684
1784711
916525
916526
916551
916572
916577
1784772
1784945
1785089
1785161
917081
1785220
1785238
917194
1785262
917204
1785278
917343
1785374
1785377
913965
1782880
914315
914579
914618
914971
1783473
929447
1795103
929453
1795116
1795117
1795119
929484
929512
929520
1795161
929532
929534
1795171
1795172
1795174
929551
1795191
1795192
929567
1795207
1795220
929600
929601
1795230
1795231
929609
929618
929625
1795246
1795259
1795266
929651
929663
929672
1795286
929681
929693
929694
929723
1795333
929737
929747
929750
929751
929755
1795365
1795371
929782
929787
929788
1795388
1795389
1795393
1795399
1795403
929833
929856
929857
929864
929868
1795442
929873
1795445
929876
1795462
929895
929896
929909
1795475
1795477
929921
929928
929947
929967
929975
930006
930017
930026
930046
930045
930145
930174
1795701
1795705
930198
1795710
1795712
1795717
1795718
930220
1795742
1795755
930269
1795780
1795783
930307
930317
1795805
930339
1795826
1795828
930354
1795831
1795839
930366
1795842
1795847
1795857
1795861
1795870
1795872
930416
1795879
1795884
930453
930463
1795921
1795924
1795928
930481
1795934
930489
930496
930508
1795955
930515
1795967
1796016
930587
930597
1796034
1796036
930636
930642
930643
930655
1796084
1796090
1796092
1796094
930690
930693
930701
1796113
1796139
1796143
930744
930745
930759
1796160
1796167
930773
1796170
930780
930798
930828
1796219
1796223
930851
930873
1796250
1796260
930905
930909
930932
1796325
930979
1796348
1796356
931009
931020
931026
1796374
931035
931037
1796392
931056
931064
931072
931078
931081
931085
931108
1796443
1796446
1796448
931121
931142
1796466
931145
931149
1796492
931213
931266
931268
1796571
931400
931402
1796691
931425
1796694
1796722
931468
1796733
1796739
931482
931494
931510
931513
931522
1796774
931529
931542
1796788
1796790
931548
931557
931572
1796811
931601
931612
931613
931615
931721
931722
1796930
931725
931732
931742
931756
931760
931761
1796963
931768
931775
931779
931805
931815
931848
1797086
931918
931936
931947
1797124
931965
1797137
932018
1797190
1797206
1797334
1797363
1797371
1797406
1797411
1797418
932328
932335
932341
932355
932375
1797463
1797466
932392
932394
932404
1797490
1797493
932426
1797499
1797505
932451
1797519
932490
932496
932498
1797562
932516
1797572
932526
932530
1797584
932538
932549
932551
1797618
932582
932595
1797633
932611
1797662
1797663
1797664
1797672
932657
1797684
932671
932679
932680
932703
932710
1797728
1797731
1797739
932792
932839
932844
932870
1797871
933008
1797966
933012
1797987
933101
933161
933382
1798301
933434
933439
933493
1798357
933496
933502
1798432
1799612
935078
1799632
1799635
935089
1799638
1799764
935428
935450
935460
1799935
1799936
935468
935469
935500
1799969
935507
1799977
1799985
935530
1799994
935544
1800014
1800022
1800036
1800037
1800046
935602
935614
1800057
1800079
935652
935653
935658
935696
1800124
1800133
935720
1800144
935725
935731
1800164
935766
935782
1800205
1800208
935810
1800223
935822
935834
935836
1800244
935848
1800248
935850
935868
1800266
935874
935888
1800280
935906
1800296
935911
935914
1800305
935927
1800313
935932
1800316
935952
935960
935978
935991
936003
1800381
1800382
1800388
936030
1800391
936036
936038
936045
936054
936073
936120
1800478
1800481
1800486
936158
936165
936169
936188
1800521
936197
936204
936205
1800552
936238
1800565
1800566
936265
936267
1800589
936276
936280
936290
936291
936295
1800618
1800643
1800647
936350
1800668
1800677
936396
1800691
1800696
1800699
1800703
936445
936450
936452
936459
1800737
1800738
936481
1800755
1800761
1800770
936502
1800773
1800775
936523
936534
936546
1800841
1800846
1800848
936598
936601
936613
1800866
936622
1800869
936637
936649
936651
936663
936666
1800911
1800925
1800933
936711
1800942
936754
1800973
1800988
936773
936780
1801001
1801013
1801015
936814
936853
936859
936863
1801060
936870
936885
936897
936913
1801124
1801125
936962
1801143
1801151
1801165
1801176
1801181
937016
937019
937041
937059
937062
1801224
1801226
937071
937073
1801235
1801246
937105
937117
1801267
937128
1801281
937142
937148
937160
937162
937175
1801314
937198
1801335
937229
1801358
937233
1801364
937253
937288
937325
937336
937343
937345
937346
1801449
1801458
1801465
937378
1801480
1801481
1801492
1801526
937444
937461
1801546
937471
937473
1801551
1801558
1801559
937488
937489
937491
1801569
937496
937514
937525
1801604
937538
1801606
937577
1801660
937614
1801673
937646
937651
1801699
937676
937684
937686
1801723
1801724
1801725
1801728
937705
937721
937731
937739
937744
1801768
937747
1801781
937769
1801788
1801815
1801833
937829
937834
937840
938073
938168
938175
1802118
1802124
938189
938218
938220
1802153
1802156
1802159
938229
938233
1802179
938259
938268
1802196
1802213
938316
1802250
1802251
938354
1802258
1802271
1802275
938391
938398
1802308
938421
1802314
1802315
1802329
938442
1802330
938461
938471
938488
1802370
1802384
938509
1802390
1802393
1802394
1802395
938525
938536
1802406
1802408
1802779
1802787
939020
1802799
939033
1802822
939059
939061
1802829
1802835
939074
1802840
939093
1802854
939113
939115
1802869
939122
939130
939132
939143
1802902
939183
939188
939189
1802929
939203
939215
1802950
1802951
939237
939240
1802980
1802987
1802989
1802999
939287
939291
939313
939322
939329
1803051
1803066
939359
939361
939386
939399
939405
939407
1803106
1803120
1803122
939445
1803136
1803167
939490
1803191
1803192
1803193
939542
939583
939594
939611
1803267
1803268
939615
939621
1803294
939645
1803299
1803300
939652
939687
1803340
939713
1803350
1803355
939725
1803386
939761
939773
939779
1803406
939789
939797
1803422
1803423
1803433
939817
1803435
939828
1803448
939841
939847
939848
939856
1803465
1803469
1803470
939889
939895
939905
939908
939911
939932
939933
939947
1803541
1803549
1803606
940044
940060
940747
1804188
940761
1804192
1804198
940841
940842
940847
1804267
940855
940858
1804275
940870
1804296
1804298
940892
940902
1804313
1804320
1804332
1804340
940955
1804354
940965
1804357
1804359
1804390
1804411
1804412
941041
941057
941059
941064
1804445
941081
1804452
941096
1804463
1804465
1804471
1804473
941113
1804492
941134
941135
941194
1804568
941231
1804665
941362
1804684
941386
941387
941460
1804780
1804786
941503
1804791
941506
941511
1804809
941531
1804814
1804817
941542
941572
1804869
1804878
941617
941637
941651
941662
941674
1804930
1804932
941682
1804934
941702
1804958
941731
1804974
941741
1804979
1805018
1805023
941796
1805027
1805034
1805046
941830
941949
1805149
1805299
1805373
942234
942272
1805406
942301
942305
942340
942414
1805521
1805585
942499
1805606
942531
942539
942549
942565
942567
942574
1805660
942596
1805668
1805669
942603
1805686
1805691
942646
942661
1805719
1805734
942695
1805751
1805754
942822
942869
1805885
1805887
1805891
1805893
942895
942896
1805907
1805912
1805917
1805918
942918
942925
1805937
1805938
942951
1805967
942998
943009
943011
1806004
1806011
1806016
1806053
943087
943090
943098
943109
1806081
943129
943134
943139
1806102
943144
943167
943172
1806129
943176
943178
1806132
943185
1806147
1806150
943201
1806163
943227
943229
943230
943231
943244
1806195
943271
943273
1806227
943307
943311
1806238
943342
1806262
1806264
943351
943364
943379
943380
943385
1806402
1806417
1806420
943537
943540
943575
943577
1806453
1806459
1806470
1806482
943617
943631
943632
943643
943658
943662
943773
1806618
943798
943852
943853
1806676
943861
1806684
943868
943884
1806706
943907
943908
1806719
943917
1806727
943921
1806729
943924
943973
1806800
944023
944027
944033
1806819
1806836
944059
944061
944088
1806862
944157
1806944
944219
1806973
944231
944255
1806997
944270
944278
1807021
1807043
944322
944344
944354
944357
1807080
1807105
944392
1807112
1799090
1799247
938551
1802767
1804102
1804103
940666
940667
